model,episode,elo
SAC_SelfPlay,0,984.0
SAC_SelfPlay,20,775.0034470226217
SAC_SelfPlay,40,667.852428579813
SAC_SelfPlay,60,598.5358105415335
SAC_SelfPlay,80,547.8430334477525
SAC_SelfPlay,100,508.0577664658521
SAC_SelfPlay,120,475.38869205102725
SAC_SelfPlay,140,447.71120253322334
SAC_SelfPlay,160,453.76780221093725
SAC_SelfPlay,180,429.0106685510314
SAC_SelfPlay,200,647.1822784007546
SAC_SelfPlay,220,873.2829842655368
SAC_SelfPlay,240,1098.564586082287
SAC_SelfPlay,260,1097.1005937880516
SAC_SelfPlay,280,1120.733682842428
SAC_SelfPlay,300,1204.744505230567
SAC_SelfPlay,320,1192.5989013882665
SAC_SelfPlay,340,1236.3675474706322
SAC_SelfPlay,360,1319.4515026574659
SAC_SelfPlay,380,1245.8907192881134
SAC_SelfPlay,400,1250.424128268442
SAC_SelfPlay,420,1224.8151810114446
SAC_SelfPlay,440,1071.9887212123967
SAC_SelfPlay,460,1199.9141734348348
SAC_SelfPlay,480,1230.4169555500373
SAC_SelfPlay,500,1219.5977116169522
SAC_SelfPlay,520,1175.926523877279
SAC_SelfPlay,540,1183.6544773822723
SAC_SelfPlay,560,1226.7454494225867
SAC_SelfPlay,580,1247.9376454014043
SAC_SelfPlay,600,1248.1390818599286
SAC_SelfPlay,620,1251.425271187166
SAC_SelfPlay,640,1221.819047841805
SAC_SelfPlay,660,1170.4549379462849
SAC_SelfPlay,680,1267.256470357383
SAC_SelfPlay,700,1223.7186720695822
SAC_SelfPlay,720,1219.9785753078324
SAC_SelfPlay,740,1241.2833354141987
SAC_SelfPlay,760,1225.6883629152449
SAC_SelfPlay,780,1184.7134936800244
SAC_SelfPlay,800,1140.2464324917253
SAC_SelfPlay,820,1227.7176188925202
SAC_SelfPlay,840,1224.6030411407664
SAC_SelfPlay,860,1246.7612077673032
SAC_SelfPlay,880,1287.7321079086894
SAC_SelfPlay,900,1314.0103119433074
SAC_SelfPlay,920,1318.404453900933
SAC_SelfPlay,940,1262.9225425426077
SAC_SelfPlay,960,1295.6426386821033
SAC_SelfPlay,980,1245.7506537032502
SAC_SelfPlay,1000,1233.9426503782865
SAC_SelfPlay,1020,1233.596993192931
SAC_SelfPlay,1040,1222.059517301351
SAC_SelfPlay,1060,1223.6767565233724
SAC_SelfPlay,1080,1241.0013355467281
SAC_SelfPlay,1100,1244.341589903883
SAC_SelfPlay,1120,1129.2659288880106
SAC_SelfPlay,1140,1057.2916159539857
SAC_SelfPlay,1160,984.9262554887498
SAC_SelfPlay,1180,1056.727879758396
SAC_SelfPlay,1200,1093.0542034904734
SAC_SelfPlay,1220,1187.0282614263867
SAC_SelfPlay,1240,1217.9677787863902
SAC_SelfPlay,1260,1226.6687898207015
SAC_SelfPlay,1280,1292.166935497786
SAC_SelfPlay,1300,1259.931968200691
SAC_SelfPlay,1320,1287.1349094211628
SAC_SelfPlay,1340,1235.6889010844502
SAC_SelfPlay,1360,1274.9297133807545
SAC_SelfPlay,1380,1223.2367595178328
SAC_SelfPlay,1400,1259.0794415057949
SAC_SelfPlay,1420,1207.4760837727404
SAC_SelfPlay,1440,1169.7412696338274
SAC_SelfPlay,1460,1181.972947838016
SAC_SelfPlay,1480,1192.1591950364973
SAC_SelfPlay,1500,1224.715208040294
PPO_SelfPlay,0,984.0
PPO_SelfPlay,1,968.736328125
PPO_SelfPlay,2,986.1721801757812
PPO_SelfPlay,3,970.8086547851562
PPO_SelfPlay,4,956.1497802734375
PPO_SelfPlay,5,974.1585083007812
PPO_SelfPlay,6,959.3463745117188
PPO_SelfPlay,7,945.2100219726562
PPO_SelfPlay,8,931.7125244140625
PPO_SelfPlay,9,918.8173828125
PPO_SelfPlay,10,906.4893798828125
PPO_SelfPlay,11,894.6946411132812
PPO_SelfPlay,12,883.4009399414062
PPO_SelfPlay,13,872.5775756835938
PPO_SelfPlay,14,862.1959228515625
PPO_SelfPlay,15,852.2289428710938
PPO_SelfPlay,16,842.6513671875
PPO_SelfPlay,17,833.439697265625
PPO_SelfPlay,18,824.5718994140625
PPO_SelfPlay,19,816.0275268554688
PPO_SelfPlay,20,807.7877197265625
PPO_SelfPlay,21,799.834716796875
PPO_SelfPlay,22,792.1522216796875
PPO_SelfPlay,23,784.724853515625
PPO_SelfPlay,24,777.53857421875
PPO_SelfPlay,25,770.5802001953125
PPO_SelfPlay,26,763.8374633789062
PPO_SelfPlay,27,757.2989501953125
PPO_SelfPlay,28,750.9541015625
PPO_SelfPlay,29,744.79296875
PPO_SelfPlay,30,738.806396484375
PPO_SelfPlay,31,732.9857177734375
PPO_SelfPlay,32,727.3228759765625
PPO_SelfPlay,33,721.8103637695312
PPO_SelfPlay,34,716.441162109375
PPO_SelfPlay,35,711.2086791992188
PPO_SelfPlay,36,706.1066284179688
PPO_SelfPlay,37,701.1293334960938
PPO_SelfPlay,38,696.271240234375
PPO_SelfPlay,39,691.5272827148438
PPO_SelfPlay,40,686.8926391601562
PPO_SelfPlay,41,682.3627319335938
PPO_SelfPlay,42,677.9332275390625
PPO_SelfPlay,43,673.6001586914062
PPO_SelfPlay,44,669.3597412109375
PPO_SelfPlay,45,665.208251953125
PPO_SelfPlay,46,661.142333984375
PPO_SelfPlay,47,657.1588134765625
PPO_SelfPlay,48,653.2545776367188
PPO_SelfPlay,49,649.4266967773438
PPO_SelfPlay,50,645.6724853515625
PPO_SelfPlay,51,641.9892578125
PPO_SelfPlay,52,638.3746337890625
PPO_SelfPlay,53,634.826171875
PPO_SelfPlay,54,631.3416137695312
PPO_SelfPlay,55,627.9188842773438
PPO_SelfPlay,56,624.5558471679688
PPO_SelfPlay,57,621.250732421875
PPO_SelfPlay,58,618.0015258789062
PPO_SelfPlay,59,614.8065185546875
PPO_SelfPlay,60,611.6640014648438
PPO_SelfPlay,61,608.5723876953125
PPO_SelfPlay,62,605.5301513671875
PPO_SelfPlay,63,602.5357666015625
PPO_SelfPlay,64,599.5878295898438
PPO_SelfPlay,65,596.6849975585938
PPO_SelfPlay,66,593.8259887695312
PPO_SelfPlay,67,591.009521484375
PPO_SelfPlay,68,588.2344360351562
PPO_SelfPlay,69,585.4995727539062
PPO_SelfPlay,70,582.8038330078125
PPO_SelfPlay,71,580.1461181640625
PPO_SelfPlay,72,577.5255126953125
PPO_SelfPlay,73,574.94091796875
PPO_SelfPlay,74,572.3914794921875
PPO_SelfPlay,75,569.8762817382812
PPO_SelfPlay,76,567.3944091796875
PPO_SelfPlay,77,596.9450073242188
PPO_SelfPlay,78,594.0820922851562
PPO_SelfPlay,79,591.2618408203125
PPO_SelfPlay,80,588.4830932617188
PPO_SelfPlay,81,585.74462890625
PPO_SelfPlay,82,583.04541015625
PPO_SelfPlay,83,580.3843383789062
PPO_SelfPlay,84,577.7603759765625
PPO_SelfPlay,85,575.172607421875
PPO_SelfPlay,86,572.6199951171875
PPO_SelfPlay,87,570.1017456054688
PPO_SelfPlay,88,567.6168823242188
PPO_SelfPlay,89,565.1646118164062
PPO_SelfPlay,90,562.744140625
PPO_SelfPlay,91,560.3546752929688
PPO_SelfPlay,92,589.9954223632812
PPO_SelfPlay,93,587.2350463867188
PPO_SelfPlay,94,584.5145263671875
PPO_SelfPlay,95,581.832763671875
PPO_SelfPlay,96,579.1886596679688
PPO_SelfPlay,97,576.5812377929688
PPO_SelfPlay,98,574.0095825195312
PPO_SelfPlay,99,571.47265625
PPO_SelfPlay,100,568.9696655273438
PPO_SelfPlay,101,566.499755859375
PPO_SelfPlay,102,596.06201171875
PPO_SelfPlay,103,625.2122802734375
PPO_SelfPlay,104,621.8959350585938
PPO_SelfPlay,105,618.6358642578125
PPO_SelfPlay,106,615.4303588867188
PPO_SelfPlay,107,612.2776489257812
PPO_SelfPlay,108,609.1761474609375
PPO_SelfPlay,109,638.1243286132812
PPO_SelfPlay,110,666.5803833007812
PPO_SelfPlay,111,694.4863891601562
PPO_SelfPlay,112,689.7838134765625
PPO_SelfPlay,113,717.1887817382812
PPO_SelfPlay,114,711.9373779296875
PPO_SelfPlay,115,706.8173217773438
PPO_SelfPlay,116,733.8228149414062
PPO_SelfPlay,117,728.1375122070312
PPO_SelfPlay,118,722.6035766601562
PPO_SelfPlay,119,717.2139282226562
PPO_SelfPlay,120,743.9619140625
PPO_SelfPlay,121,737.9985961914062
PPO_SelfPlay,122,732.2000122070312
PPO_SelfPlay,123,758.5582275390625
PPO_SelfPlay,124,784.1763916015625
PPO_SelfPlay,125,809.0076904296875
PPO_SelfPlay,126,833.0126953125
PPO_SelfPlay,127,824.1605834960938
PPO_SelfPlay,128,847.631103515625
PPO_SelfPlay,129,870.230224609375
PPO_SelfPlay,130,891.943115234375
PPO_SelfPlay,131,912.7648315429688
PPO_SelfPlay,132,900.6998291015625
PPO_SelfPlay,133,889.1521606445312
PPO_SelfPlay,134,910.0905151367188
PPO_SelfPlay,135,930.1409301757812
PPO_SelfPlay,136,949.3154296875
PPO_SelfPlay,137,967.6331176757812
PPO_SelfPlay,138,985.119384765625
PPO_SelfPlay,139,969.80419921875
PPO_SelfPlay,140,955.1912841796875
PPO_SelfPlay,141,941.2434692382812
PPO_SelfPlay,142,927.9237670898438
PPO_SelfPlay,143,915.1962280273438
PPO_SelfPlay,144,903.0258178710938
PPO_SelfPlay,145,923.379150390625
PPO_SelfPlay,146,910.8515625
PPO_SelfPlay,147,930.8692626953125
PPO_SelfPlay,148,918.011474609375
PPO_SelfPlay,149,937.7186279296875
PPO_SelfPlay,150,956.5564575195312
PPO_SelfPlay,151,942.5467529296875
PPO_SelfPlay,152,929.168701171875
PPO_SelfPlay,153,916.3861694335938
PPO_SelfPlay,154,904.1640625
PPO_SelfPlay,155,892.4688110351562
PPO_SelfPlay,156,881.2685546875
PPO_SelfPlay,157,870.532958984375
PPO_SelfPlay,158,892.2337036132812
PPO_SelfPlay,159,881.0432739257812
PPO_SelfPlay,160,870.3169555664062
PPO_SelfPlay,161,860.0263671875
PPO_SelfPlay,162,850.1448974609375
PPO_SelfPlay,163,840.6476440429688
PPO_SelfPlay,164,831.5114135742188
PPO_SelfPlay,165,822.7145385742188
PPO_SelfPlay,166,846.237060546875
PPO_SelfPlay,167,836.8893432617188
PPO_SelfPlay,168,827.8936767578125
PPO_SelfPlay,169,851.2290649414062
PPO_SelfPlay,170,841.6900634765625
PPO_SelfPlay,171,832.5146484375
PPO_SelfPlay,172,823.680908203125
PPO_SelfPlay,173,815.168701171875
PPO_SelfPlay,174,806.9590454101562
PPO_SelfPlay,175,799.0345458984375
PPO_SelfPlay,176,791.3788452148438
PPO_SelfPlay,177,783.9768676757812
PPO_SelfPlay,178,776.8145751953125
PPO_SelfPlay,179,769.8788452148438
PPO_SelfPlay,180,763.1575927734375
PPO_SelfPlay,181,756.639404296875
PPO_SelfPlay,182,750.3138427734375
PPO_SelfPlay,183,776.1710205078125
PPO_SelfPlay,184,801.2554321289062
PPO_SelfPlay,185,825.5250244140625
PPO_SelfPlay,186,816.9462890625
PPO_SelfPlay,187,808.674072265625
PPO_SelfPlay,188,800.6905517578125
PPO_SelfPlay,189,824.9791870117188
PPO_SelfPlay,190,816.4202270507812
PPO_SelfPlay,191,808.16650390625
PPO_SelfPlay,192,832.2005004882812
PPO_SelfPlay,193,855.3783569335938
PPO_SelfPlay,194,877.6786499023438
PPO_SelfPlay,195,899.0900268554688
PPO_SelfPlay,196,887.6107177734375
PPO_SelfPlay,197,908.6131591796875
PPO_SelfPlay,198,896.7272338867188
PPO_SelfPlay,199,885.3478393554688
PPO_SelfPlay,200,874.444091796875
PPO_SelfPlay,201,863.9869384765625
PPO_SelfPlay,202,853.9490356445312
PPO_SelfPlay,203,844.304931640625
PPO_SelfPlay,204,835.0306396484375
PPO_SelfPlay,205,826.10400390625
PPO_SelfPlay,206,817.5043334960938
PPO_SelfPlay,207,809.21240234375
PPO_SelfPlay,208,801.2102661132812
PPO_SelfPlay,209,793.4813842773438
PPO_SelfPlay,210,786.0103759765625
PPO_SelfPlay,211,778.7827758789062
PPO_SelfPlay,212,771.7852783203125
PPO_SelfPlay,213,765.0055541992188
PPO_SelfPlay,214,790.4320068359375
PPO_SelfPlay,215,815.0609741210938
PPO_SelfPlay,216,806.8551635742188
PPO_SelfPlay,217,798.9342041015625
PPO_SelfPlay,218,823.2818603515625
PPO_SelfPlay,219,846.7839965820312
PPO_SelfPlay,220,837.4154663085938
PPO_SelfPlay,221,828.4002075195312
PPO_SelfPlay,222,851.7171630859375
PPO_SelfPlay,223,842.1593017578125
PPO_SelfPlay,224,864.9661865234375
PPO_SelfPlay,225,854.8894653320312
PPO_SelfPlay,226,845.2088012695312
PPO_SelfPlay,227,867.9002075195312
PPO_SelfPlay,228,889.7064819335938
PPO_SelfPlay,229,910.6217041015625
PPO_SelfPlay,230,930.6492309570312
PPO_SelfPlay,231,917.8012084960938
PPO_SelfPlay,232,937.5175170898438
PPO_SelfPlay,233,956.3643188476562
PPO_SelfPlay,234,974.3633422851562
PPO_SelfPlay,235,991.5418090820312
PPO_SelfPlay,236,1007.9312133789062
PPO_SelfPlay,237,1023.5660400390625
PPO_SelfPlay,238,1038.482421875
PPO_SelfPlay,239,1052.717529296875
PPO_SelfPlay,240,1066.3082275390625
PPO_SelfPlay,241,1079.2911376953125
PPO_SelfPlay,242,1091.7017822265625
PPO_SelfPlay,243,1071.5740966796875
PPO_SelfPlay,244,1084.3238525390625
PPO_SelfPlay,245,1096.51513671875
PPO_SelfPlay,246,1108.181396484375
PPO_SelfPlay,247,1119.3543701171875
PPO_SelfPlay,248,1130.064453125
PPO_SelfPlay,249,1140.3397216796875
PPO_SelfPlay,250,1150.206787109375
PPO_SelfPlay,251,1159.6905517578125
PPO_SelfPlay,252,1168.8140869140625
PPO_SelfPlay,253,1177.598876953125
PPO_SelfPlay,254,1186.065185546875
PPO_SelfPlay,255,1194.2315673828125
PPO_SelfPlay,256,1202.115234375
PPO_SelfPlay,257,1209.732421875
PPO_SelfPlay,258,1217.09814453125
PPO_SelfPlay,259,1224.22607421875
PPO_SelfPlay,260,1231.1292724609375
PPO_SelfPlay,261,1237.81982421875
PPO_SelfPlay,262,1253.194091796875
PPO_SelfPlay,263,1259.2373046875
PPO_SelfPlay,264,1265.11181640625
PPO_SelfPlay,265,1270.825927734375
PPO_SelfPlay,266,1276.38720703125
PPO_SelfPlay,267,1281.8028564453125
PPO_SelfPlay,268,1287.079833984375
PPO_SelfPlay,269,1292.2242431640625
PPO_SelfPlay,270,1297.2420654296875
PPO_SelfPlay,271,1302.138916015625
PPO_SelfPlay,272,1306.919921875
PPO_SelfPlay,273,1311.590087890625
PPO_SelfPlay,274,1316.1541748046875
PPO_SelfPlay,275,1320.6163330078125
PPO_SelfPlay,276,1324.980712890625
PPO_SelfPlay,277,1329.2513427734375
PPO_SelfPlay,278,1333.4317626953125
PPO_SelfPlay,279,1337.5255126953125
PPO_SelfPlay,280,1315.856689453125
PPO_SelfPlay,281,1320.325439453125
PPO_SelfPlay,282,1324.6961669921875
PPO_SelfPlay,283,1304.46240234375
PPO_SelfPlay,284,1309.1893310546875
PPO_SelfPlay,285,1313.8077392578125
PPO_SelfPlay,286,1318.322021484375
PPO_SelfPlay,287,1322.7364501953125
PPO_SelfPlay,288,1303.4681396484375
PPO_SelfPlay,289,1308.2181396484375
PPO_SelfPlay,290,1293.564697265625
PPO_SelfPlay,291,1276.482177734375
PPO_SelfPlay,292,1281.8953857421875
PPO_SelfPlay,293,1287.169921875
PPO_SelfPlay,294,1292.3121337890625
PPO_SelfPlay,295,1297.327880859375
PPO_SelfPlay,296,1280.857177734375
PPO_SelfPlay,297,1254.1580810546875
PPO_SelfPlay,298,1228.1741943359375
PPO_SelfPlay,299,1217.654052734375
PPO_SelfPlay,300,1192.7642822265625
PPO_SelfPlay,301,1181.7010498046875
PPO_SelfPlay,302,1158.021240234375
PPO_SelfPlay,303,1148.7818603515625
PPO_SelfPlay,304,1126.3204345703125
PPO_SelfPlay,305,1104.74658203125
PPO_SelfPlay,306,1084.0638427734375
PPO_SelfPlay,307,1064.266357421875
PPO_SelfPlay,308,1058.4022216796875
PPO_SelfPlay,309,1085.6715087890625
PPO_SelfPlay,310,1065.80419921875
PPO_SelfPlay,311,1078.8095703125
PPO_SelfPlay,312,1059.2412109375
PPO_SelfPlay,313,1040.5391845703125
PPO_SelfPlay,314,1022.6807250976562
PPO_SelfPlay,315,1005.6376953125
PPO_SelfPlay,316,1001.4685668945312
PPO_SelfPlay,317,985.4009399414062
PPO_SelfPlay,318,1002.0728759765625
PPO_SelfPlay,319,985.9774169921875
PPO_SelfPlay,320,1002.622802734375
PPO_SelfPlay,321,1018.5020141601562
PPO_SelfPlay,322,1001.6508178710938
PPO_SelfPlay,323,985.5747680664062
PPO_SelfPlay,324,970.2387084960938
PPO_SelfPlay,325,955.6058959960938
PPO_SelfPlay,326,941.6392822265625
PPO_SelfPlay,327,928.3018798828125
PPO_SelfPlay,328,915.5576171875
PPO_SelfPlay,329,903.3715209960938
PPO_SelfPlay,330,891.7101440429688
PPO_SelfPlay,331,880.5416259765625
PPO_SelfPlay,332,901.8358764648438
PPO_SelfPlay,333,922.2399291992188
PPO_SelfPlay,334,941.7623291015625
PPO_SelfPlay,335,960.41943359375
PPO_SelfPlay,336,978.2343139648438
PPO_SelfPlay,337,963.2353515625
PPO_SelfPlay,338,948.9221801757812
PPO_SelfPlay,339,967.257568359375
PPO_SelfPlay,340,984.760986328125
PPO_SelfPlay,341,1001.4622802734375
PPO_SelfPlay,342,1017.3949584960938
PPO_SelfPlay,343,1000.5945434570312
PPO_SelfPlay,344,1016.5671997070312
PPO_SelfPlay,345,1031.8048095703125
PPO_SelfPlay,346,1046.34423828125
PPO_SelfPlay,347,1060.2225341796875
PPO_SelfPlay,348,1073.4766845703125
PPO_SelfPlay,349,1086.1424560546875
PPO_SelfPlay,350,1098.2547607421875
PPO_SelfPlay,351,1109.846923828125
PPO_SelfPlay,352,1088.9503173828125
PPO_SelfPlay,353,1100.9412841796875
PPO_SelfPlay,354,1080.419189453125
PPO_SelfPlay,355,1092.780517578125
PPO_SelfPlay,356,1104.6065673828125
PPO_SelfPlay,357,1115.9298095703125
PPO_SelfPlay,358,1126.7806396484375
PPO_SelfPlay,359,1137.188232421875
PPO_SelfPlay,360,1115.1795654296875
PPO_SelfPlay,361,1094.0615234375
PPO_SelfPlay,362,1105.8326416015625
PPO_SelfPlay,363,1085.104248046875
PPO_SelfPlay,364,1097.2615966796875
PPO_SelfPlay,365,1076.89599609375
PPO_SelfPlay,366,1057.4114990234375
PPO_SelfPlay,367,1038.7913818359375
PPO_SelfPlay,368,1053.0123291015625
PPO_SelfPlay,369,1066.58984375
PPO_SelfPlay,370,1079.560302734375
PPO_SelfPlay,371,1091.9591064453125
PPO_SelfPlay,372,1110.0302734375
PPO_SelfPlay,373,1121.1260986328125
PPO_SelfPlay,374,1099.7635498046875
PPO_SelfPlay,375,1079.29150390625
PPO_SelfPlay,376,1091.7020263671875
PPO_SelfPlay,377,1103.574462890625
PPO_SelfPlay,378,1082.941162109375
PPO_SelfPlay,379,1095.1925048828125
PPO_SelfPlay,380,1074.9151611328125
PPO_SelfPlay,381,1087.5177001953125
PPO_SelfPlay,382,1067.570556640625
PPO_SelfPlay,383,1080.4974365234375
PPO_SelfPlay,384,1092.8553466796875
PPO_SelfPlay,385,1104.67822265625
PPO_SelfPlay,386,1115.998291015625
PPO_SelfPlay,387,1126.846435546875
PPO_SelfPlay,388,1137.2513427734375
PPO_SelfPlay,389,1115.2401123046875
PPO_SelfPlay,390,1126.11962890625
PPO_SelfPlay,391,1136.553955078125
PPO_SelfPlay,392,1114.5703125
PPO_SelfPlay,393,1093.4774169921875
PPO_SelfPlay,394,1105.2735595703125
PPO_SelfPlay,395,1116.5687255859375
PPO_SelfPlay,396,1095.393310546875
PPO_SelfPlay,397,1107.107421875
PPO_SelfPlay,398,1118.325439453125
PPO_SelfPlay,399,1097.0777587890625
PPO_SelfPlay,400,1076.719970703125
PPO_SelfPlay,401,1089.2431640625
PPO_SelfPlay,402,1101.221435546875
PPO_SelfPlay,403,1112.6876220703125
PPO_SelfPlay,404,1123.6727294921875
PPO_SelfPlay,405,1134.206298828125
PPO_SelfPlay,406,1112.3160400390625
PPO_SelfPlay,407,1123.316650390625
PPO_SelfPlay,408,1133.86474609375
PPO_SelfPlay,409,1143.988037109375
PPO_SelfPlay,410,1153.7122802734375
PPO_SelfPlay,411,1163.06201171875
PPO_SelfPlay,412,1140.0594482421875
PPO_SelfPlay,413,1149.9375
PPO_SelfPlay,414,1159.431640625
PPO_SelfPlay,415,1168.5648193359375
PPO_SelfPlay,416,1177.35888671875
PPO_SelfPlay,417,1185.833740234375
PPO_SelfPlay,418,1162.00830078125
PPO_SelfPlay,419,1139.0450439453125
PPO_SelfPlay,420,1148.9630126953125
PPO_SelfPlay,421,1158.49462890625
PPO_SelfPlay,422,1167.6630859375
PPO_SelfPlay,423,1176.490234375
PPO_SelfPlay,424,1152.996337890625
PPO_SelfPlay,425,1162.373291015625
PPO_SelfPlay,426,1171.396484375
PPO_SelfPlay,427,1162.589111328125
PPO_SelfPlay,428,1171.6041259765625
PPO_SelfPlay,429,1180.287109375
PPO_SelfPlay,430,1188.6573486328125
PPO_SelfPlay,431,1196.7332763671875
PPO_SelfPlay,432,1204.53173828125
PPO_SelfPlay,433,1212.0684814453125
PPO_SelfPlay,434,1202.0435791015625
PPO_SelfPlay,435,1209.6630859375
PPO_SelfPlay,436,1198.9827880859375
PPO_SelfPlay,437,1174.7052001953125
PPO_SelfPlay,438,1183.275634765625
PPO_SelfPlay,439,1191.5400390625
PPO_SelfPlay,440,1199.51611328125
PPO_SelfPlay,441,1207.220458984375
PPO_SelfPlay,442,1214.66845703125
PPO_SelfPlay,443,1189.874267578125
PPO_SelfPlay,444,1197.907958984375
PPO_SelfPlay,445,1205.6666259765625
PPO_SelfPlay,446,1213.165771484375
PPO_SelfPlay,447,1188.419921875
PPO_SelfPlay,448,1196.504150390625
PPO_SelfPlay,449,1204.310302734375
PPO_SelfPlay,450,1211.8544921875
PPO_SelfPlay,451,1219.151123046875
PPO_SelfPlay,452,1226.2137451171875
PPO_SelfPlay,453,1233.0552978515625
PPO_SelfPlay,454,1239.687255859375
PPO_SelfPlay,455,1246.120849609375
PPO_SelfPlay,456,1220.3662109375
PPO_SelfPlay,457,1227.3905029296875
PPO_SelfPlay,458,1202.195556640625
PPO_SelfPlay,459,1209.81005859375
PPO_SelfPlay,460,1185.1732177734375
PPO_SelfPlay,461,1193.370849609375
PPO_SelfPlay,462,1201.2840576171875
PPO_SelfPlay,463,1208.9290771484375
PPO_SelfPlay,464,1199.418212890625
PPO_SelfPlay,465,1207.1258544921875
PPO_SelfPlay,466,1214.576904296875
PPO_SelfPlay,467,1221.78564453125
PPO_SelfPlay,468,1228.7652587890625
PPO_SelfPlay,469,1235.528076171875
PPO_SelfPlay,470,1246.359130859375
PPO_SelfPlay,471,1220.5975341796875
PPO_SelfPlay,472,1227.614501953125
PPO_SelfPlay,473,1234.4127197265625
PPO_SelfPlay,474,1241.0037841796875
PPO_SelfPlay,475,1215.3985595703125
PPO_SelfPlay,476,1222.580810546875
PPO_SelfPlay,477,1229.5355224609375
PPO_SelfPlay,478,1219.59228515625
PPO_SelfPlay,479,1226.6409912109375
PPO_SelfPlay,480,1201.4693603515625
PPO_SelfPlay,481,1209.108154296875
PPO_SelfPlay,482,1184.494140625
PPO_SelfPlay,483,1192.715576171875
PPO_SelfPlay,484,1200.6512451171875
PPO_SelfPlay,485,1208.3175048828125
PPO_SelfPlay,486,1224.38623046875
PPO_SelfPlay,487,1235.2301025390625
PPO_SelfPlay,488,1241.796630859375
PPO_SelfPlay,489,1248.16796875
PPO_SelfPlay,490,1254.354248046875
PPO_SelfPlay,491,1260.36474609375
PPO_SelfPlay,492,1266.208251953125
PPO_SelfPlay,493,1271.8927001953125
PPO_SelfPlay,494,1277.4259033203125
PPO_SelfPlay,495,1282.814697265625
PPO_SelfPlay,496,1269.443603515625
PPO_SelfPlay,497,1275.0416259765625
PPO_SelfPlay,498,1280.4923095703125
PPO_SelfPlay,499,1300.863525390625
PPO_SelfPlay,500,1305.6744384765625
PPO_SelfPlay,501,1310.373291015625
PPO_SelfPlay,502,1314.96484375
PPO_SelfPlay,503,1319.453369140625
PPO_SelfPlay,504,1323.843017578125
PPO_SelfPlay,505,1328.137939453125
PPO_SelfPlay,506,1334.8416748046875
PPO_SelfPlay,507,1338.906494140625
PPO_SelfPlay,508,1342.88916015625
PPO_SelfPlay,509,1346.7923583984375
PPO_SelfPlay,510,1363.11474609375
PPO_SelfPlay,511,1366.6363525390625
PPO_SelfPlay,512,1347.64306640625
PPO_SelfPlay,513,1351.4534912109375
PPO_SelfPlay,514,1367.7325439453125
PPO_SelfPlay,515,1371.171630859375
PPO_SelfPlay,516,1374.5504150390625
PPO_SelfPlay,517,1345.870849609375
PPO_SelfPlay,518,1349.7156982421875
PPO_SelfPlay,519,1353.486328125
PPO_SelfPlay,520,1357.1854248046875
PPO_SelfPlay,521,1360.8153076171875
PPO_SelfPlay,522,1366.3963623046875
PPO_SelfPlay,523,1369.859130859375
PPO_SelfPlay,524,1373.2608642578125
PPO_SelfPlay,525,1376.6033935546875
PPO_SelfPlay,526,1379.888916015625
PPO_SelfPlay,527,1383.1190185546875
PPO_SelfPlay,528,1365.7576904296875
PPO_SelfPlay,529,1371.065185546875
PPO_SelfPlay,530,1374.44580078125
PPO_SelfPlay,531,1377.7679443359375
PPO_SelfPlay,532,1349.03369140625
PPO_SelfPlay,533,1352.8173828125
PPO_SelfPlay,534,1368.2841796875
PPO_SelfPlay,535,1376.8604736328125
PPO_SelfPlay,536,1392.5836181640625
PPO_SelfPlay,537,1405.5440673828125
PPO_SelfPlay,538,1408.369873046875
PPO_SelfPlay,539,1411.154052734375
PPO_SelfPlay,540,1413.897705078125
PPO_SelfPlay,541,1426.433837890625
PPO_SelfPlay,542,1428.9647216796875
PPO_SelfPlay,543,1432.746826171875
PPO_SelfPlay,544,1443.9354248046875
PPO_SelfPlay,545,1422.1680908203125
PPO_SelfPlay,546,1424.7568359375
PPO_SelfPlay,547,1435.811767578125
PPO_SelfPlay,548,1446.66162109375
PPO_SelfPlay,549,1448.9342041015625
PPO_SelfPlay,550,1458.5709228515625
PPO_SelfPlay,551,1428.702880859375
PPO_SelfPlay,552,1431.2034912109375
PPO_SelfPlay,553,1433.671142578125
PPO_SelfPlay,554,1412.16455078125
PPO_SelfPlay,555,1414.8936767578125
PPO_SelfPlay,556,1417.583740234375
PPO_SelfPlay,557,1420.236083984375
PPO_SelfPlay,558,1435.81787109375
PPO_SelfPlay,559,1438.2257080078125
PPO_SelfPlay,560,1447.904052734375
PPO_SelfPlay,561,1421.6824951171875
PPO_SelfPlay,562,1392.2779541015625
PPO_SelfPlay,563,1408.4296875
PPO_SelfPlay,564,1412.54541015625
PPO_SelfPlay,565,1425.013916015625
PPO_SelfPlay,566,1436.7662353515625
PPO_SelfPlay,567,1439.1619873046875
PPO_SelfPlay,568,1441.52734375
PPO_SelfPlay,569,1454.697265625
PPO_SelfPlay,570,1424.8740234375
PPO_SelfPlay,571,1427.4259033203125
PPO_SelfPlay,572,1429.943603515625
PPO_SelfPlay,573,1432.4278564453125
PPO_SelfPlay,574,1402.8795166015625
PPO_SelfPlay,575,1373.7451171875
PPO_SelfPlay,576,1388.888427734375
PPO_SelfPlay,577,1359.97119140625
PPO_SelfPlay,578,1363.5498046875
PPO_SelfPlay,579,1378.466064453125
PPO_SelfPlay,580,1349.719970703125
PPO_SelfPlay,581,1353.4906005859375
PPO_SelfPlay,582,1368.0491943359375
PPO_SelfPlay,583,1371.482666015625
PPO_SelfPlay,584,1385.0732421875
PPO_SelfPlay,585,1365.5611572265625
PPO_SelfPlay,586,1369.038818359375
PPO_SelfPlay,587,1372.454833984375
PPO_SelfPlay,588,1375.8114013671875
PPO_SelfPlay,589,1389.4908447265625
PPO_SelfPlay,590,1360.56396484375
PPO_SelfPlay,591,1332.1317138671875
PPO_SelfPlay,592,1336.2523193359375
PPO_SelfPlay,593,1308.2884521484375
PPO_SelfPlay,594,1312.9273681640625
PPO_SelfPlay,595,1334.459716796875
PPO_SelfPlay,596,1348.1241455078125
PPO_SelfPlay,597,1360.5732421875
PPO_SelfPlay,598,1332.140869140625
PPO_SelfPlay,599,1336.26123046875
PPO_SelfPlay,600,1308.297119140625
PPO_SelfPlay,601,1324.1531982421875
PPO_SelfPlay,602,1328.44140625
PPO_SelfPlay,603,1342.6470947265625
PPO_SelfPlay,604,1346.55517578125
PPO_SelfPlay,605,1350.3868408203125
PPO_SelfPlay,606,1354.14453125
PPO_SelfPlay,607,1372.994384765625
PPO_SelfPlay,608,1354.8912353515625
PPO_SelfPlay,609,1326.5638427734375
PPO_SelfPlay,610,1337.4459228515625
PPO_SelfPlay,611,1341.4578857421875
PPO_SelfPlay,612,1345.3895263671875
PPO_SelfPlay,613,1363.786865234375
PPO_SelfPlay,614,1377.391845703125
PPO_SelfPlay,615,1385.8836669921875
PPO_SelfPlay,616,1389.014892578125
PPO_SelfPlay,617,1392.0955810546875
PPO_SelfPlay,618,1403.85595703125
PPO_SelfPlay,619,1418.733642578125
PPO_SelfPlay,620,1421.369873046875
PPO_SelfPlay,621,1434.777099609375
PPO_SelfPlay,622,1446.7393798828125
PPO_SelfPlay,623,1450.0557861328125
PPO_SelfPlay,624,1452.287353515625
PPO_SelfPlay,625,1428.14404296875
PPO_SelfPlay,626,1430.652099609375
PPO_SelfPlay,627,1440.351318359375
PPO_SelfPlay,628,1451.567626953125
PPO_SelfPlay,629,1421.78125
PPO_SelfPlay,630,1424.375244140625
PPO_SelfPlay,631,1440.115478515625
PPO_SelfPlay,632,1449.040771484375
PPO_SelfPlay,633,1419.2845458984375
PPO_SelfPlay,634,1432.1868896484375
PPO_SelfPlay,635,1434.6417236328125
PPO_SelfPlay,636,1443.439697265625
PPO_SelfPlay,637,1454.7386474609375
PPO_SelfPlay,638,1463.1756591796875
PPO_SelfPlay,639,1465.2554931640625
PPO_SelfPlay,640,1446.41845703125
PPO_SelfPlay,641,1457.124267578125
PPO_SelfPlay,642,1459.2728271484375
PPO_SelfPlay,643,1462.32763671875
PPO_SelfPlay,644,1464.4169921875
PPO_SelfPlay,645,1466.48291015625
PPO_SelfPlay,646,1468.5260009765625
PPO_SelfPlay,647,1475.8458251953125
PPO_SelfPlay,648,1484.9730224609375
PPO_SelfPlay,649,1491.5491943359375
PPO_SelfPlay,650,1468.306640625
PPO_SelfPlay,651,1482.178955078125
PPO_SelfPlay,652,1484.055908203125
PPO_SelfPlay,653,1490.4635009765625
PPO_SelfPlay,654,1468.1392822265625
PPO_SelfPlay,655,1481.395263671875
PPO_SelfPlay,656,1496.6524658203125
PPO_SelfPlay,657,1508.0877685546875
PPO_SelfPlay,658,1509.7178955078125
PPO_SelfPlay,659,1517.3192138671875
PPO_SelfPlay,660,1526.81982421875
PPO_SelfPlay,661,1499.8985595703125
PPO_SelfPlay,662,1509.70654296875
PPO_SelfPlay,663,1519.4515380859375
PPO_SelfPlay,664,1488.9833984375
PPO_SelfPlay,665,1491.5552978515625
PPO_SelfPlay,666,1466.9073486328125
PPO_SelfPlay,667,1477.645751953125
PPO_SelfPlay,668,1492.375244140625
PPO_SelfPlay,669,1494.151123046875
PPO_SelfPlay,670,1495.909912109375
PPO_SelfPlay,671,1505.813720703125
PPO_SelfPlay,672,1512.1846923828125
PPO_SelfPlay,673,1528.421142578125
PPO_SelfPlay,674,1529.8795166015625
PPO_SelfPlay,675,1533.8829345703125
PPO_SelfPlay,676,1535.298095703125
PPO_SelfPlay,677,1508.9501953125
PPO_SelfPlay,678,1513.3076171875
PPO_SelfPlay,679,1528.744873046875
PPO_SelfPlay,680,1535.696044921875
PPO_SelfPlay,681,1537.09716796875
PPO_SelfPlay,682,1539.05810546875
PPO_SelfPlay,683,1548.3287353515625
PPO_SelfPlay,684,1549.635498046875
PPO_SelfPlay,685,1564.6746826171875
PPO_SelfPlay,686,1565.8685302734375
PPO_SelfPlay,687,1569.0599365234375
PPO_SelfPlay,688,1575.7374267578125
PPO_SelfPlay,689,1582.4888916015625
PPO_SelfPlay,690,1563.362060546875
PPO_SelfPlay,691,1570.28759765625
PPO_SelfPlay,692,1571.44482421875
PPO_SelfPlay,693,1572.5947265625
PPO_SelfPlay,694,1579.02880859375
PPO_SelfPlay,695,1588.761962890625
PPO_SelfPlay,696,1593.7239990234375
PPO_SelfPlay,697,1604.9013671875
PPO_SelfPlay,698,1615.1617431640625
PPO_SelfPlay,699,1616.06298828125
PPO_SelfPlay,700,1625.4835205078125
PPO_SelfPlay,701,1629.7244873046875
PPO_SelfPlay,702,1635.6964111328125
PPO_SelfPlay,703,1643.048095703125
PPO_SelfPlay,704,1615.597900390625
PPO_SelfPlay,705,1619.959716796875
PPO_SelfPlay,706,1600.0294189453125
PPO_SelfPlay,707,1584.767333984375
PPO_SelfPlay,708,1585.8350830078125
PPO_SelfPlay,709,1586.8966064453125
PPO_SelfPlay,710,1593.9681396484375
PPO_SelfPlay,711,1566.93212890625
PPO_SelfPlay,712,1582.280029296875
PPO_SelfPlay,713,1556.2523193359375
PPO_SelfPlay,714,1559.551513671875
PPO_SelfPlay,715,1535.0079345703125
PPO_SelfPlay,716,1523.333251953125
PPO_SelfPlay,717,1529.031494140625
PPO_SelfPlay,718,1530.48486328125
PPO_SelfPlay,719,1534.1868896484375
PPO_SelfPlay,720,1504.157958984375
PPO_SelfPlay,721,1476.3082275390625
PPO_SelfPlay,722,1481.760009765625
PPO_SelfPlay,723,1489.703369140625
PPO_SelfPlay,724,1497.1134033203125
PPO_SelfPlay,725,1498.8441162109375
PPO_SelfPlay,726,1479.19482421875
PPO_SelfPlay,727,1457.8408203125
PPO_SelfPlay,728,1459.981201171875
PPO_SelfPlay,729,1483.707763671875
PPO_SelfPlay,730,1453.5692138671875
PPO_SelfPlay,731,1461.202392578125
PPO_SelfPlay,732,1439.2919921875
PPO_SelfPlay,733,1448.20361328125
PPO_SelfPlay,734,1460.9755859375
PPO_SelfPlay,735,1444.6905517578125
PPO_SelfPlay,736,1428.3748779296875
PPO_SelfPlay,737,1430.8798828125
PPO_SelfPlay,738,1434.844482421875
PPO_SelfPlay,739,1447.642333984375
PPO_SelfPlay,740,1449.9029541015625
PPO_SelfPlay,741,1461.8939208984375
PPO_SelfPlay,742,1452.683349609375
PPO_SelfPlay,743,1422.8836669921875
PPO_SelfPlay,744,1400.075439453125
PPO_SelfPlay,745,1381.7384033203125
PPO_SelfPlay,746,1397.0738525390625
PPO_SelfPlay,747,1401.674560546875
PPO_SelfPlay,748,1380.611083984375
PPO_SelfPlay,749,1395.2764892578125
PPO_SelfPlay,750,1378.5565185546875
PPO_SelfPlay,751,1392.6470947265625
PPO_SelfPlay,752,1370.2025146484375
PPO_SelfPlay,753,1373.59814453125
PPO_SelfPlay,754,1387.275634765625
PPO_SelfPlay,755,1390.3843994140625
PPO_SelfPlay,756,1410.0347900390625
PPO_SelfPlay,757,1421.5142822265625
PPO_SelfPlay,758,1393.4949951171875
PPO_SelfPlay,759,1407.4298095703125
PPO_SelfPlay,760,1425.4449462890625
PPO_SelfPlay,761,1446.4300537109375
PPO_SelfPlay,762,1452.5474853515625
PPO_SelfPlay,763,1462.2841796875
PPO_SelfPlay,764,1471.2786865234375
PPO_SelfPlay,765,1479.887939453125
PPO_SelfPlay,766,1484.95654296875
PPO_SelfPlay,767,1492.0491943359375
PPO_SelfPlay,768,1493.828125
PPO_SelfPlay,769,1495.590087890625
PPO_SelfPlay,770,1497.335205078125
PPO_SelfPlay,771,1500.4515380859375
PPO_SelfPlay,772,1472.921875
PPO_SelfPlay,773,1449.1649169921875
PPO_SelfPlay,774,1468.2244873046875
PPO_SelfPlay,775,1438.24853515625
PPO_SelfPlay,776,1447.813232421875
PPO_SelfPlay,777,1450.07177734375
PPO_SelfPlay,778,1460.0596923828125
PPO_SelfPlay,779,1462.1746826171875
PPO_SelfPlay,780,1472.5447998046875
PPO_SelfPlay,781,1481.2958984375
PPO_SelfPlay,782,1491.6005859375
PPO_SelfPlay,783,1501.094482421875
PPO_SelfPlay,784,1502.7880859375
PPO_SelfPlay,785,1509.75439453125
PPO_SelfPlay,786,1517.93505859375
PPO_SelfPlay,787,1494.1116943359375
PPO_SelfPlay,788,1495.870849609375
PPO_SelfPlay,789,1503.4981689453125
PPO_SelfPlay,790,1506.467529296875
PPO_SelfPlay,791,1508.112060546875
PPO_SelfPlay,792,1509.7420654296875
PPO_SelfPlay,793,1514.6317138671875
PPO_SelfPlay,794,1521.0260009765625
PPO_SelfPlay,795,1525.5423583984375
PPO_SelfPlay,796,1506.6561279296875
PPO_SelfPlay,797,1485.740478515625
PPO_SelfPlay,798,1492.8231201171875
PPO_SelfPlay,799,1509.0325927734375
PPO_SelfPlay,800,1522.52587890625
PPO_SelfPlay,801,1529.06640625
PPO_SelfPlay,802,1509.08056640625
PPO_SelfPlay,803,1478.701904296875
PPO_SelfPlay,804,1487.7095947265625
PPO_SelfPlay,805,1489.5311279296875
PPO_SelfPlay,806,1505.145751953125
PPO_SelfPlay,807,1511.42333984375
PPO_SelfPlay,808,1518.1015625
PPO_SelfPlay,809,1507.0203857421875
PPO_SelfPlay,810,1513.229736328125
PPO_SelfPlay,811,1524.9195556640625
PPO_SelfPlay,812,1537.9927978515625
PPO_SelfPlay,813,1508.429931640625
PPO_SelfPlay,814,1519.8270263671875
PPO_SelfPlay,815,1532.5465087890625
PPO_SelfPlay,816,1544.162353515625
PPO_SelfPlay,817,1555.2279052734375
PPO_SelfPlay,818,1560.0269775390625
PPO_SelfPlay,819,1569.9986572265625
PPO_SelfPlay,820,1549.328369140625
PPO_SelfPlay,821,1554.1533203125
PPO_SelfPlay,822,1556.77001953125
PPO_SelfPlay,823,1569.337646484375
PPO_SelfPlay,824,1574.2611083984375
PPO_SelfPlay,825,1586.2911376953125
PPO_SelfPlay,826,1588.465576171875
PPO_SelfPlay,827,1565.3824462890625
PPO_SelfPlay,828,1567.785888671875
PPO_SelfPlay,829,1555.045166015625
PPO_SelfPlay,830,1567.3873291015625
PPO_SelfPlay,831,1568.5633544921875
PPO_SelfPlay,832,1569.731689453125
PPO_SelfPlay,833,1578.2716064453125
PPO_SelfPlay,834,1551.8187255859375
PPO_SelfPlay,835,1525.635986328125
PPO_SelfPlay,836,1533.5867919921875
PPO_SelfPlay,837,1504.3944091796875
PPO_SelfPlay,838,1508.1904296875
PPO_SelfPlay,839,1516.167724609375
PPO_SelfPlay,840,1491.6077880859375
PPO_SelfPlay,841,1500.489013671875
PPO_SelfPlay,842,1483.0196533203125
PPO_SelfPlay,843,1465.335693359375
PPO_SelfPlay,844,1449.274169921875
PPO_SelfPlay,845,1460.121826171875
PPO_SelfPlay,846,1472.743408203125
PPO_SelfPlay,847,1478.3280029296875
PPO_SelfPlay,848,1462.679443359375
PPO_SelfPlay,849,1472.5496826171875
PPO_SelfPlay,850,1447.3262939453125
PPO_SelfPlay,851,1427.95556640625
PPO_SelfPlay,852,1442.3233642578125
PPO_SelfPlay,853,1459.221435546875
PPO_SelfPlay,854,1471.5487060546875
PPO_SelfPlay,855,1455.940673828125
PPO_SelfPlay,856,1435.4605712890625
PPO_SelfPlay,857,1446.1878662109375
PPO_SelfPlay,858,1438.70361328125
PPO_SelfPlay,859,1454.9910888671875
PPO_SelfPlay,860,1460.9058837890625
PPO_SelfPlay,861,1485.18017578125
PPO_SelfPlay,862,1459.852294921875
PPO_SelfPlay,863,1465.473876953125
PPO_SelfPlay,864,1483.4693603515625
PPO_SelfPlay,865,1467.8177490234375
PPO_SelfPlay,866,1469.84619140625
PPO_SelfPlay,867,1487.033203125
PPO_SelfPlay,868,1470.6395263671875
PPO_SelfPlay,869,1493.70947265625
PPO_SelfPlay,870,1510.306884765625
PPO_SelfPlay,871,1511.9173583984375
PPO_SelfPlay,872,1495.13330078125
PPO_SelfPlay,873,1503.185791015625
PPO_SelfPlay,874,1519.575927734375
PPO_SelfPlay,875,1537.8818359375
PPO_SelfPlay,876,1548.3406982421875
PPO_SelfPlay,877,1553.6622314453125
PPO_SelfPlay,878,1566.9981689453125
PPO_SelfPlay,879,1543.0091552734375
PPO_SelfPlay,880,1552.846435546875
PPO_SelfPlay,881,1557.9217529296875
PPO_SelfPlay,882,1567.1290283203125
PPO_SelfPlay,883,1575.6571044921875
PPO_SelfPlay,884,1580.083740234375
PPO_SelfPlay,885,1588.18212890625
PPO_SelfPlay,886,1597.31201171875
PPO_SelfPlay,887,1608.1856689453125
PPO_SelfPlay,888,1612.7757568359375
PPO_SelfPlay,889,1614.885009765625
PPO_SelfPlay,890,1619.661376953125
PPO_SelfPlay,891,1629.2069091796875
PPO_SelfPlay,892,1599.1153564453125
PPO_SelfPlay,893,1601.7489013671875
PPO_SelfPlay,894,1576.8553466796875
PPO_SelfPlay,895,1552.1744384765625
PPO_SelfPlay,896,1555.4937744140625
PPO_SelfPlay,897,1533.5335693359375
PPO_SelfPlay,898,1534.951416015625
PPO_SelfPlay,899,1541.7630615234375
PPO_SelfPlay,900,1548.1636962890625
PPO_SelfPlay,901,1557.35888671875
PPO_SelfPlay,902,1560.5352783203125
PPO_SelfPlay,903,1566.22607421875
PPO_SelfPlay,904,1567.40966796875
PPO_SelfPlay,905,1570.3748779296875
PPO_SelfPlay,906,1581.51953125
PPO_SelfPlay,907,1595.6966552734375
PPO_SelfPlay,908,1596.701416015625
PPO_SelfPlay,909,1573.9940185546875
PPO_SelfPlay,910,1591.757568359375
PPO_SelfPlay,911,1596.5211181640625
PPO_SelfPlay,912,1569.0665283203125
PPO_SelfPlay,913,1570.231689453125
PPO_SelfPlay,914,1571.3892822265625
PPO_SelfPlay,915,1550.0311279296875
PPO_SelfPlay,916,1556.500732421875
PPO_SelfPlay,917,1539.1722412109375
PPO_SelfPlay,918,1542.8709716796875
PPO_SelfPlay,919,1551.977294921875
PPO_SelfPlay,920,1564.018798828125
PPO_SelfPlay,921,1568.606201171875
PPO_SelfPlay,922,1576.7249755859375
PPO_SelfPlay,923,1584.3089599609375
PPO_SelfPlay,924,1598.8114013671875
PPO_SelfPlay,925,1601.47412109375
PPO_SelfPlay,926,1612.5135498046875
PPO_SelfPlay,927,1584.6009521484375
PPO_SelfPlay,928,1595.8843994140625
PPO_SelfPlay,929,1566.397216796875
PPO_SelfPlay,930,1581.055419921875
PPO_SelfPlay,931,1563.39697265625
PPO_SelfPlay,932,1566.8701171875
PPO_SelfPlay,933,1582.6722412109375
PPO_SelfPlay,934,1597.2623291015625
PPO_SelfPlay,935,1602.281494140625
PPO_SelfPlay,936,1582.672119140625
PPO_SelfPlay,937,1596.81396484375
PPO_SelfPlay,938,1609.685791015625
PPO_SelfPlay,939,1619.490966796875
PPO_SelfPlay,940,1625.5267333984375
PPO_SelfPlay,941,1600.668701171875
PPO_SelfPlay,942,1571.4794921875
PPO_SelfPlay,943,1584.906982421875
PPO_SelfPlay,944,1590.1072998046875
PPO_SelfPlay,945,1596.8289794921875
PPO_SelfPlay,946,1600.6334228515625
PPO_SelfPlay,947,1616.359375
PPO_SelfPlay,948,1626.0587158203125
PPO_SelfPlay,949,1634.8699951171875
PPO_SelfPlay,950,1643.5079345703125
PPO_SelfPlay,951,1646.44091796875
PPO_SelfPlay,952,1661.2022705078125
PPO_SelfPlay,953,1664.6358642578125
PPO_SelfPlay,954,1675.0245361328125
PPO_SelfPlay,955,1681.8765869140625
PPO_SelfPlay,956,1659.950439453125
PPO_SelfPlay,957,1667.420166015625
PPO_SelfPlay,958,1676.3157958984375
PPO_SelfPlay,959,1687.9459228515625
PPO_SelfPlay,960,1703.9459228515625
PPO_SelfPlay,961,1710.0289306640625
PPO_SelfPlay,962,1683.7701416015625
PPO_SelfPlay,963,1689.9027099609375
PPO_SelfPlay,964,1664.214599609375
PPO_SelfPlay,965,1675.8648681640625
PPO_SelfPlay,966,1686.5406494140625
PPO_SelfPlay,967,1692.4232177734375
PPO_SelfPlay,968,1696.40087890625
PPO_SelfPlay,969,1699.2867431640625
PPO_SelfPlay,970,1671.5308837890625
PPO_SelfPlay,971,1643.8603515625
PPO_SelfPlay,972,1651.49609375
PPO_SelfPlay,973,1627.885986328125
PPO_SelfPlay,974,1637.957275390625
PPO_SelfPlay,975,1618.809326171875
PPO_SelfPlay,976,1628.8411865234375
PPO_SelfPlay,977,1636.2921142578125
PPO_SelfPlay,978,1640.16748046875
PPO_SelfPlay,979,1642.829833984375
PPO_SelfPlay,980,1617.1949462890625
PPO_SelfPlay,981,1626.8792724609375
PPO_SelfPlay,982,1630.8970947265625
PPO_SelfPlay,983,1616.77880859375
PPO_SelfPlay,984,1619.16552734375
PPO_SelfPlay,985,1594.68994140625
PPO_SelfPlay,986,1607.6114501953125
PPO_SelfPlay,987,1616.24560546875
PPO_SelfPlay,988,1588.4493408203125
PPO_SelfPlay,989,1591.187744140625
PPO_SelfPlay,990,1607.81103515625
PPO_SelfPlay,991,1614.51025390625
PPO_SelfPlay,992,1616.8609619140625
PPO_SelfPlay,993,1625.3084716796875
PPO_SelfPlay,994,1607.6016845703125
PPO_SelfPlay,995,1615.9263916015625
PPO_SelfPlay,996,1623.6744384765625
PPO_SelfPlay,997,1627.3597412109375
PPO_SelfPlay,998,1633.293701171875
PPO_SelfPlay,999,1608.8812255859375
PPO_SelfPlay,1000,1591.9136962890625
PPO_SelfPlay,1001,1608.5074462890625
PPO_SelfPlay,1002,1614.8092041015625
PPO_SelfPlay,1003,1617.126953125
PPO_SelfPlay,1004,1621.7169189453125
PPO_SelfPlay,1005,1640.646728515625
PPO_SelfPlay,1006,1620.35009765625
PPO_SelfPlay,1007,1623.2635498046875
PPO_SelfPlay,1008,1606.4605712890625
PPO_SelfPlay,1009,1617.77734375
PPO_SelfPlay,1010,1588.6856689453125
PPO_SelfPlay,1011,1559.3157958984375
PPO_SelfPlay,1012,1538.6385498046875
PPO_SelfPlay,1013,1551.757080078125
PPO_SelfPlay,1014,1556.472900390625
PPO_SelfPlay,1015,1529.528076171875
PPO_SelfPlay,1016,1542.4683837890625
PPO_SelfPlay,1017,1549.299072265625
PPO_SelfPlay,1018,1553.9637451171875
PPO_SelfPlay,1019,1559.5933837890625
PPO_SelfPlay,1020,1533.71240234375
PPO_SelfPlay,1021,1515.727294921875
PPO_SelfPlay,1022,1517.290771484375
PPO_SelfPlay,1023,1524.4796142578125
PPO_SelfPlay,1024,1511.38232421875
PPO_SelfPlay,1025,1529.845458984375
PPO_SelfPlay,1026,1534.8597412109375
PPO_SelfPlay,1027,1517.049072265625
PPO_SelfPlay,1028,1532.6494140625
PPO_SelfPlay,1029,1541.222900390625
PPO_SelfPlay,1030,1553.086669921875
PPO_SelfPlay,1031,1540.24658203125
PPO_SelfPlay,1032,1560.5245361328125
PPO_SelfPlay,1033,1573.4432373046875
PPO_SelfPlay,1034,1551.0509033203125
PPO_SelfPlay,1035,1562.475341796875
PPO_SelfPlay,1036,1565.9884033203125
PPO_SelfPlay,1037,1581.107177734375
PPO_SelfPlay,1038,1585.914306640625
PPO_SelfPlay,1039,1558.4996337890625
PPO_SelfPlay,1040,1540.4244384765625
PPO_SelfPlay,1041,1521.6627197265625
PPO_SelfPlay,1042,1533.859130859375
PPO_SelfPlay,1043,1506.8883056640625
PPO_SelfPlay,1044,1511.4539794921875
PPO_SelfPlay,1045,1523.5640869140625
PPO_SelfPlay,1046,1530.2633056640625
PPO_SelfPlay,1047,1506.6151123046875
PPO_SelfPlay,1048,1491.76904296875
PPO_SelfPlay,1049,1502.5074462890625
PPO_SelfPlay,1050,1514.3433837890625
PPO_SelfPlay,1051,1519.6182861328125
PPO_SelfPlay,1052,1494.50634765625
PPO_SelfPlay,1053,1509.4993896484375
PPO_SelfPlay,1054,1517.5467529296875
PPO_SelfPlay,1055,1498.81396484375
PPO_SelfPlay,1056,1513.781005859375
PPO_SelfPlay,1057,1521.408447265625
PPO_SelfPlay,1058,1543.7515869140625
PPO_SelfPlay,1059,1549.2117919921875
PPO_SelfPlay,1060,1559.2476806640625
PPO_SelfPlay,1061,1567.0411376953125
PPO_SelfPlay,1062,1572.775634765625
PPO_SelfPlay,1063,1578.2059326171875
PPO_SelfPlay,1064,1589.06591796875
PPO_SelfPlay,1065,1597.2362060546875
PPO_SelfPlay,1066,1578.2337646484375
PPO_SelfPlay,1067,1583.3873291015625
PPO_SelfPlay,1068,1590.148681640625
PPO_SelfPlay,1069,1600.4761962890625
PPO_SelfPlay,1070,1618.5059814453125
PPO_SelfPlay,1071,1623.0123291015625
PPO_SelfPlay,1072,1606.0145263671875
PPO_SelfPlay,1073,1610.4000244140625
PPO_SelfPlay,1074,1614.22705078125
PPO_SelfPlay,1075,1627.149658203125
PPO_SelfPlay,1076,1631.00830078125
PPO_SelfPlay,1077,1631.8330078125
PPO_SelfPlay,1078,1647.0665283203125
PPO_SelfPlay,1079,1656.61767578125
PPO_SelfPlay,1080,1628.95947265625
PPO_SelfPlay,1081,1635.658935546875
PPO_SelfPlay,1082,1641.1617431640625
PPO_SelfPlay,1083,1618.5728759765625
PPO_SelfPlay,1084,1627.4267578125
PPO_SelfPlay,1085,1639.930419921875
PPO_SelfPlay,1086,1654.0970458984375
PPO_SelfPlay,1087,1656.62158203125
PPO_SelfPlay,1088,1666.3076171875
PPO_SelfPlay,1089,1637.118896484375
PPO_SelfPlay,1090,1643.4791259765625
PPO_SelfPlay,1091,1624.8460693359375
PPO_SelfPlay,1092,1604.9173583984375
PPO_SelfPlay,1093,1589.9219970703125
PPO_SelfPlay,1094,1593.405029296875
PPO_SelfPlay,1095,1568.93212890625
PPO_SelfPlay,1096,1584.414306640625
PPO_SelfPlay,1097,1589.28369140625
PPO_SelfPlay,1098,1569.344970703125
PPO_SelfPlay,1099,1576.3326416015625
PPO_SelfPlay,1100,1589.4959716796875
PPO_SelfPlay,1101,1594.133544921875
PPO_SelfPlay,1102,1580.31298828125
PPO_SelfPlay,1103,1558.290771484375
PPO_SelfPlay,1104,1578.657470703125
PPO_SelfPlay,1105,1589.031982421875
PPO_SelfPlay,1106,1599.54296875
PPO_SelfPlay,1107,1611.119140625
PPO_SelfPlay,1108,1623.0985107421875
PPO_SelfPlay,1109,1638.878173828125
PPO_SelfPlay,1110,1647.096435546875
PPO_SelfPlay,1111,1618.914306640625
PPO_SelfPlay,1112,1630.053466796875
PPO_SelfPlay,1113,1633.99267578125
PPO_SelfPlay,1114,1640.34130859375
PPO_SelfPlay,1115,1647.931640625
PPO_SelfPlay,1116,1663.3460693359375
PPO_SelfPlay,1117,1666.4619140625
PPO_SelfPlay,1118,1673.4854736328125
PPO_SelfPlay,1119,1679.3271484375
PPO_SelfPlay,1120,1659.84716796875
PPO_SelfPlay,1121,1663.9739990234375
PPO_SelfPlay,1122,1667.219970703125
PPO_SelfPlay,1123,1670.358642578125
PPO_SelfPlay,1124,1680.3685302734375
PPO_SelfPlay,1125,1684.0115966796875
PPO_SelfPlay,1126,1659.880126953125
PPO_SelfPlay,1127,1664.278564453125
PPO_SelfPlay,1128,1638.8685302734375
PPO_SelfPlay,1129,1641.1241455078125
PPO_SelfPlay,1130,1647.087158203125
PPO_SelfPlay,1131,1629.8328857421875
PPO_SelfPlay,1132,1641.8807373046875
PPO_SelfPlay,1133,1614.584716796875
PPO_SelfPlay,1134,1599.617919921875
PPO_SelfPlay,1135,1576.7698974609375
PPO_SelfPlay,1136,1582.7197265625
PPO_SelfPlay,1137,1561.4365234375
PPO_SelfPlay,1138,1532.78564453125
PPO_SelfPlay,1139,1522.070556640625
PPO_SelfPlay,1140,1512.85546875
PPO_SelfPlay,1141,1490.9833984375
PPO_SelfPlay,1142,1514.3057861328125
PPO_SelfPlay,1143,1499.03515625
PPO_SelfPlay,1144,1510.9024658203125
PPO_SelfPlay,1145,1512.5076904296875
PPO_SelfPlay,1146,1525.1744384765625
PPO_SelfPlay,1147,1531.392822265625
PPO_SelfPlay,1148,1535.9879150390625
PPO_SelfPlay,1149,1524.61474609375
PPO_SelfPlay,1150,1546.1824951171875
PPO_SelfPlay,1151,1535.103515625
PPO_SelfPlay,1152,1524.9295654296875
PPO_SelfPlay,1153,1529.581298828125
PPO_SelfPlay,1154,1549.7403564453125
PPO_SelfPlay,1155,1523.1572265625
PPO_SelfPlay,1156,1540.1812744140625
PPO_SelfPlay,1157,1512.4814453125
PPO_SelfPlay,1158,1533.6636962890625
PPO_SelfPlay,1159,1542.4072265625
PPO_SelfPlay,1160,1511.757568359375
PPO_SelfPlay,1161,1495.8363037109375
PPO_SelfPlay,1162,1484.6796875
PPO_SelfPlay,1163,1458.2066650390625
PPO_SelfPlay,1164,1472.745361328125
PPO_SelfPlay,1165,1462.6785888671875
PPO_SelfPlay,1166,1470.6812744140625
PPO_SelfPlay,1167,1487.9725341796875
PPO_SelfPlay,1168,1473.825927734375
PPO_SelfPlay,1169,1443.7896728515625
PPO_SelfPlay,1170,1467.205078125
PPO_SelfPlay,1171,1492.2113037109375
PPO_SelfPlay,1172,1502.285400390625
PPO_SelfPlay,1173,1485.3289794921875
PPO_SelfPlay,1174,1497.519287109375
PPO_SelfPlay,1175,1476.66943359375
PPO_SelfPlay,1176,1452.42431640625
PPO_SelfPlay,1177,1432.0509033203125
PPO_SelfPlay,1178,1440.8602294921875
PPO_SelfPlay,1179,1427.48828125
PPO_SelfPlay,1180,1398.0050048828125
PPO_SelfPlay,1181,1400.9447021484375
PPO_SelfPlay,1182,1403.83935546875
PPO_SelfPlay,1183,1422.1893310546875
PPO_SelfPlay,1184,1424.77783203125
PPO_SelfPlay,1185,1433.53076171875
PPO_SelfPlay,1186,1453.0762939453125
PPO_SelfPlay,1187,1443.5377197265625
PPO_SelfPlay,1188,1434.8702392578125
PPO_SelfPlay,1189,1437.290283203125
PPO_SelfPlay,1190,1439.6793212890625
PPO_SelfPlay,1191,1431.00048828125
PPO_SelfPlay,1192,1441.3546142578125
PPO_SelfPlay,1193,1443.6923828125
PPO_SelfPlay,1194,1446.001220703125
PPO_SelfPlay,1195,1428.3328857421875
PPO_SelfPlay,1196,1421.765625
PPO_SelfPlay,1197,1447.80419921875
PPO_SelfPlay,1198,1450.0628662109375
PPO_SelfPlay,1199,1425.62646484375
PPO_SelfPlay,1200,1449.75
PPO_SelfPlay,1201,1465.1580810546875
PPO_SelfPlay,1202,1435.2158203125
PPO_SelfPlay,1203,1405.6314697265625
PPO_SelfPlay,1204,1376.4559326171875
PPO_SelfPlay,1205,1403.47265625
PPO_SelfPlay,1206,1374.329345703125
PPO_SelfPlay,1207,1345.653564453125
PPO_SelfPlay,1208,1335.7401123046875
PPO_SelfPlay,1209,1347.623046875
PPO_SelfPlay,1210,1319.433837890625
PPO_SelfPlay,1211,1291.823974609375
PPO_SelfPlay,1212,1313.141357421875
PPO_SelfPlay,1213,1285.6705322265625
PPO_SelfPlay,1214,1306.35791015625
PPO_SelfPlay,1215,1334.50537109375
PPO_SelfPlay,1216,1351.082275390625
PPO_SelfPlay,1217,1322.8267822265625
PPO_SelfPlay,1218,1327.1434326171875
PPO_SelfPlay,1219,1345.099853515625
PPO_SelfPlay,1220,1348.9598388671875
PPO_SelfPlay,1221,1332.108642578125
PPO_SelfPlay,1222,1304.229736328125
PPO_SelfPlay,1223,1308.9620361328125
PPO_SelfPlay,1224,1303.7838134765625
PPO_SelfPlay,1225,1325.0057373046875
PPO_SelfPlay,1226,1340.5128173828125
PPO_SelfPlay,1227,1359.2374267578125
PPO_SelfPlay,1228,1386.01220703125
PPO_SelfPlay,1229,1376.769775390625
PPO_SelfPlay,1230,1356.9652099609375
PPO_SelfPlay,1231,1351.0936279296875
PPO_SelfPlay,1232,1336.208984375
PPO_SelfPlay,1233,1352.7200927734375
PPO_SelfPlay,1234,1347.1624755859375
PPO_SelfPlay,1235,1341.7645263671875
PPO_SelfPlay,1236,1313.6900634765625
PPO_SelfPlay,1237,1286.2069091796875
PPO_SelfPlay,1238,1274.489990234375
PPO_SelfPlay,1239,1263.841552734375
PPO_SelfPlay,1240,1237.5899658203125
PPO_SelfPlay,1241,1263.6573486328125
PPO_SelfPlay,1242,1269.4107666015625
PPO_SelfPlay,1243,1243.0096435546875
PPO_SelfPlay,1244,1234.00927734375
PPO_SelfPlay,1245,1208.612548828125
PPO_SelfPlay,1246,1184.0147705078125
PPO_SelfPlay,1247,1205.165283203125
PPO_SelfPlay,1248,1202.6077880859375
PPO_SelfPlay,1249,1229.5274658203125
PPO_SelfPlay,1250,1254.9788818359375
PPO_SelfPlay,1251,1246.7725830078125
PPO_SelfPlay,1252,1252.9990234375
PPO_SelfPlay,1253,1259.0477294921875
PPO_SelfPlay,1254,1264.927490234375
PPO_SelfPlay,1255,1238.646484375
PPO_SelfPlay,1256,1230.1353759765625
PPO_SelfPlay,1257,1204.856201171875
PPO_SelfPlay,1258,1180.3822021484375
PPO_SelfPlay,1259,1200.79833984375
PPO_SelfPlay,1260,1208.4595947265625
PPO_SelfPlay,1261,1215.8668212890625
PPO_SelfPlay,1262,1223.0341796875
PPO_SelfPlay,1263,1229.974609375
PPO_SelfPlay,1264,1204.7003173828125
PPO_SelfPlay,1265,1212.2315673828125
PPO_SelfPlay,1266,1187.515869140625
PPO_SelfPlay,1267,1195.631591796875
PPO_SelfPlay,1268,1183.0391845703125
PPO_SelfPlay,1269,1159.3118896484375
PPO_SelfPlay,1270,1168.4495849609375
PPO_SelfPlay,1271,1145.2479248046875
PPO_SelfPlay,1272,1175.0701904296875
PPO_SelfPlay,1273,1183.62744140625
PPO_SelfPlay,1274,1159.87939453125
PPO_SelfPlay,1275,1168.995849609375
PPO_SelfPlay,1276,1157.0250244140625
PPO_SelfPlay,1277,1134.2490234375
PPO_SelfPlay,1278,1144.35693359375
PPO_SelfPlay,1279,1154.06689453125
PPO_SelfPlay,1280,1181.5701904296875
PPO_SelfPlay,1281,1157.8948974609375
PPO_SelfPlay,1282,1135.0859375
PPO_SelfPlay,1283,1145.16064453125
PPO_SelfPlay,1284,1154.83935546875
PPO_SelfPlay,1285,1181.3214111328125
PPO_SelfPlay,1286,1189.655029296875
PPO_SelfPlay,1287,1197.6962890625
PPO_SelfPlay,1288,1173.462158203125
PPO_SelfPlay,1289,1182.0775146484375
PPO_SelfPlay,1290,1158.38427734375
PPO_SelfPlay,1291,1156.3114013671875
PPO_SelfPlay,1292,1133.5623779296875
PPO_SelfPlay,1293,1111.6976318359375
PPO_SelfPlay,1294,1090.7239990234375
PPO_SelfPlay,1295,1083.3038330078125
PPO_SelfPlay,1296,1095.5394287109375
PPO_SelfPlay,1297,1107.247314453125
PPO_SelfPlay,1298,1118.45947265625
PPO_SelfPlay,1299,1097.206298828125
PPO_SelfPlay,1300,1076.843017578125
PPO_SelfPlay,1301,1089.36083984375
PPO_SelfPlay,1302,1101.333984375
PPO_SelfPlay,1303,1080.79541015625
PPO_SelfPlay,1304,1061.1402587890625
PPO_SelfPlay,1305,1091.7322998046875
PPO_SelfPlay,1306,1071.6033935546875
PPO_SelfPlay,1307,1084.351806640625
PPO_SelfPlay,1308,1114.462890625
PPO_SelfPlay,1309,1112.0743408203125
PPO_SelfPlay,1310,1123.0849609375
PPO_SelfPlay,1311,1101.642578125
PPO_SelfPlay,1312,1081.0908203125
PPO_SelfPlay,1313,1061.4228515625
PPO_SelfPlay,1314,1042.623291015625
PPO_SelfPlay,1315,1056.670166015625
PPO_SelfPlay,1316,1038.0833740234375
PPO_SelfPlay,1317,1052.3365478515625
PPO_SelfPlay,1318,1033.9444580078125
PPO_SelfPlay,1319,1048.38623046875
PPO_SelfPlay,1320,1062.1722412109375
PPO_SelfPlay,1321,1043.3392333984375
PPO_SelfPlay,1322,1025.3536376953125
PPO_SelfPlay,1323,1008.1881713867188
PPO_SelfPlay,1324,991.8111572265625
PPO_SelfPlay,1325,976.188232421875
PPO_SelfPlay,1326,961.2830810546875
PPO_SelfPlay,1327,979.0587158203125
PPO_SelfPlay,1328,996.0219116210938
PPO_SelfPlay,1329,980.2051391601562
PPO_SelfPlay,1330,965.11572265625
PPO_SelfPlay,1331,982.716796875
PPO_SelfPlay,1332,999.5120849609375
PPO_SelfPlay,1333,983.5345458984375
PPO_SelfPlay,1334,968.292236328125
PPO_SelfPlay,1335,953.7484130859375
PPO_SelfPlay,1336,971.8658447265625
PPO_SelfPlay,1337,989.15869140625
PPO_SelfPlay,1338,973.6577758789062
PPO_SelfPlay,1339,958.8685302734375
PPO_SelfPlay,1340,976.75390625
PPO_SelfPlay,1341,961.8228759765625
PPO_SelfPlay,1342,947.5739135742188
PPO_SelfPlay,1343,933.9700927734375
PPO_SelfPlay,1344,920.9747924804688
PPO_SelfPlay,1345,940.5525512695312
PPO_SelfPlay,1346,959.2637939453125
PPO_SelfPlay,1347,945.1312255859375
PPO_SelfPlay,1348,963.63720703125
PPO_SelfPlay,1349,949.3057250976562
PPO_SelfPlay,1350,967.6238403320312
PPO_SelfPlay,1351,953.1105346679688
PPO_SelfPlay,1352,939.2568359375
PPO_SelfPlay,1353,926.0260009765625
PPO_SelfPlay,1354,913.382080078125
PPO_SelfPlay,1355,933.2903442382812
PPO_SelfPlay,1356,920.3252563476562
PPO_SelfPlay,1357,907.931396484375
PPO_SelfPlay,1358,928.0747680664062
PPO_SelfPlay,1359,915.3405151367188
PPO_SelfPlay,1360,903.1638793945312
PPO_SelfPlay,1361,891.5113525390625
PPO_SelfPlay,1362,912.3511352539062
PPO_SelfPlay,1363,900.3040161132812
PPO_SelfPlay,1364,888.773193359375
PPO_SelfPlay,1365,877.727294921875
PPO_SelfPlay,1366,867.1366577148438
PPO_SelfPlay,1367,856.9734497070312
PPO_SelfPlay,1368,847.2116088867188
PPO_SelfPlay,1369,837.8267211914062
PPO_SelfPlay,1370,828.796142578125
PPO_SelfPlay,1371,852.0986328125
PPO_SelfPlay,1372,874.526123046875
PPO_SelfPlay,1373,864.065673828125
PPO_SelfPlay,1374,854.024658203125
PPO_SelfPlay,1375,844.3775634765625
PPO_SelfPlay,1376,867.1005249023438
PPO_SelfPlay,1377,856.9387817382812
PPO_SelfPlay,1378,847.1782836914062
PPO_SelfPlay,1379,837.794677734375
PPO_SelfPlay,1380,828.7652587890625
PPO_SelfPlay,1381,820.0689086914062
PPO_SelfPlay,1382,811.6859741210938
PPO_SelfPlay,1383,835.5980834960938
PPO_SelfPlay,1384,858.6504516601562
PPO_SelfPlay,1385,848.822998046875
PPO_SelfPlay,1386,839.37646484375
PPO_SelfPlay,1387,830.2879028320312
PPO_SelfPlay,1388,821.5359497070312
PPO_SelfPlay,1389,813.1006469726562
PPO_SelfPlay,1390,804.9634399414062
PPO_SelfPlay,1391,797.1072387695312
PPO_SelfPlay,1392,789.5159912109375
PPO_SelfPlay,1393,814.1748657226562
PPO_SelfPlay,1394,806.0001220703125
PPO_SelfPlay,1395,830.1084594726562
PPO_SelfPlay,1396,853.363037109375
PPO_SelfPlay,1397,843.7416381835938
PPO_SelfPlay,1398,834.4887084960938
PPO_SelfPlay,1399,825.5820922851562
PPO_SelfPlay,1400,849.0013427734375
PPO_SelfPlay,1401,839.5479736328125
PPO_SelfPlay,1402,830.4530029296875
PPO_SelfPlay,1403,821.6950073242188
PPO_SelfPlay,1404,813.2539672851562
PPO_SelfPlay,1405,805.1114501953125
PPO_SelfPlay,1406,797.2501831054688
PPO_SelfPlay,1407,821.6541748046875
PPO_SelfPlay,1408,813.214599609375
PPO_SelfPlay,1409,805.073486328125
PPO_SelfPlay,1410,797.2135009765625
PPO_SelfPlay,1411,789.6187133789062
PPO_SelfPlay,1412,782.2742309570312
PPO_SelfPlay,1413,807.166259765625
PPO_SelfPlay,1414,831.234619140625
PPO_SelfPlay,1415,854.4479370117188
PPO_SelfPlay,1416,844.784423828125
PPO_SelfPlay,1417,835.491943359375
PPO_SelfPlay,1418,826.5482177734375
PPO_SelfPlay,1419,849.9324951171875
PPO_SelfPlay,1420,840.443359375
PPO_SelfPlay,1421,863.3148193359375
PPO_SelfPlay,1422,853.3035888671875
PPO_SelfPlay,1423,875.6844482421875
PPO_SelfPlay,1424,897.177001953125
PPO_SelfPlay,1425,917.778564453125
PPO_SelfPlay,1426,905.4959106445312
PPO_SelfPlay,1427,893.7437133789062
PPO_SelfPlay,1428,882.4899291992188
PPO_SelfPlay,1429,871.7041625976562
PPO_SelfPlay,1430,893.3577270507812
PPO_SelfPlay,1431,882.1201782226562
PPO_SelfPlay,1432,871.349609375
PPO_SelfPlay,1433,861.0174560546875
PPO_SelfPlay,1434,851.0969848632812
PPO_SelfPlay,1435,841.5630493164062
PPO_SelfPlay,1436,832.3923950195312
PPO_SelfPlay,1437,823.5631713867188
PPO_SelfPlay,1438,847.05517578125
PPO_SelfPlay,1439,869.67626953125
PPO_SelfPlay,1440,891.4114379882812
PPO_SelfPlay,1441,912.2554321289062
PPO_SelfPlay,1442,932.21240234375
PPO_SelfPlay,1443,951.295166015625
PPO_SelfPlay,1444,937.5234985351562
PPO_SelfPlay,1445,924.3700561523438
PPO_SelfPlay,1446,911.7989501953125
PPO_SelfPlay,1447,899.7756958007812
PPO_SelfPlay,1448,888.2672729492188
PPO_SelfPlay,1449,877.242431640625
PPO_SelfPlay,1450,866.6715698242188
PPO_SelfPlay,1451,888.5269165039062
PPO_SelfPlay,1452,909.4912719726562
PPO_SelfPlay,1453,897.5675048828125
PPO_SelfPlay,1454,918.1526489257812
PPO_SelfPlay,1455,937.8536376953125
PPO_SelfPlay,1456,924.6854248046875
PPO_SelfPlay,1457,912.1004638671875
PPO_SelfPlay,1458,900.064208984375
PPO_SelfPlay,1459,920.5435791015625
PPO_SelfPlay,1460,908.1401977539062
PPO_SelfPlay,1461,928.2745971679688
PPO_SelfPlay,1462,947.531494140625
PPO_SelfPlay,1463,933.9295654296875
PPO_SelfPlay,1464,952.9360961914062
PPO_SelfPlay,1465,939.0902709960938
PPO_SelfPlay,1466,957.8668823242188
PPO_SelfPlay,1467,975.7977294921875
PPO_SelfPlay,1468,960.9105224609375
PPO_SelfPlay,1469,946.7030639648438
PPO_SelfPlay,1470,933.138427734375
PPO_SelfPlay,1471,920.1800537109375
PPO_SelfPlay,1472,907.7925415039062
PPO_SelfPlay,1473,927.94189453125
PPO_SelfPlay,1474,947.2135620117188
PPO_SelfPlay,1475,965.6259155273438
PPO_SelfPlay,1476,983.2037353515625
PPO_SelfPlay,1477,967.9766235351562
PPO_SelfPlay,1478,953.4472045898438
PPO_SelfPlay,1479,971.5783081054688
PPO_SelfPlay,1480,988.88427734375
PPO_SelfPlay,1481,1005.39599609375
PPO_SelfPlay,1482,989.1475219726562
PPO_SelfPlay,1483,973.6471557617188
PPO_SelfPlay,1484,958.8583984375
PPO_SelfPlay,1485,944.7442626953125
PPO_SelfPlay,1486,931.2676391601562
PPO_SelfPlay,1487,950.3922119140625
PPO_SelfPlay,1488,968.6613159179688
PPO_SelfPlay,1489,986.1006469726562
PPO_SelfPlay,1490,970.7403564453125
PPO_SelfPlay,1491,956.0846557617188
PPO_SelfPlay,1492,974.0963134765625
PPO_SelfPlay,1493,991.2870483398438
PPO_SelfPlay,1494,1007.6881713867188
PPO_SelfPlay,1495,1023.334228515625
PPO_SelfPlay,1496,1038.26123046875
PPO_SelfPlay,1497,1020.50634765625
PPO_SelfPlay,1498,1003.5630493164062
PPO_SelfPlay,1499,1019.3989868164062
PPO_SelfPlay,1500,1002.5065307617188
