episode,steps,score,success,killed_by_sam,crashed,min_tf,in_radar_steps,range2d_last_m,progress_mean
0,350,-501.5768207145152,0,0,1,1.3252972674417989,350,31582.862260891587,0.013568379938600179
1,309,-493.02235193440833,0,0,1,2.0869308126498214,309,26967.122229455163,0.011395145877945843
2,298,-506.49129032183833,0,1,0,0.9989823806303693,298,27765.49871652834,0.011374037507843018
3,390,-492.9848441784479,0,0,1,1.8719352955609243,390,29210.2060730128,0.01343268606290357
4,415,-502.97024062678094,0,1,0,0.9992836574575173,415,26966.71686459441,0.014383880314194885
5,408,-501.6475804456643,0,1,0,0.9987009404997845,408,26291.73960866279,0.014776179185412509
6,995,-532.9179183261042,0,0,1,1.5450016168697136,938,26839.38435700549,0.006794889666793322
7,827,-512.3790561977142,0,0,1,1.786336036916979,747,28473.75613861903,0.010652865532548248
8,1034,-484.3587579691494,0,1,0,0.9989620345646225,792,25254.71109320852,0.012877276378047918
9,550,-478.9232461970469,0,0,1,2.50151179253384,269,31576.021177665934,0.012772899740288201
10,506,-508.10819605257785,0,0,1,1.0001786164605873,506,31193.31937292274,0.011581688101243964
11,513,-484.9091219859443,0,0,1,2.843172946727185,263,31846.444038009522,0.011586133593978656
12,537,-482.50311194322643,0,0,1,2.3688188060199957,330,30355.13965499991,0.01205031778558871
13,549,-525.3214775269664,0,0,1,1.1284924150304767,549,30740.03347543175,0.009876894909442987
14,676,-496.08538412609045,0,0,1,1.2004782973885086,619,23950.062975218363,0.013671216460700537
15,757,-525.7187769232081,0,0,1,1.2545790152269558,757,25146.016633316794,0.0073901630887800275
16,562,-506.8490860878243,0,1,0,0.9993116079353233,562,26606.51064838715,0.010958794887815327
17,3999,-22.662098985311776,0,0,0,2.041304104900508,2628,19327.391290825122,0.00439708927685728
18,1259,-555.5041880271942,0,0,1,2.174653600334741,1259,35974.75024269045,-0.0018316478341224149
19,1704,-549.4796397390431,0,0,1,3.027857259134348,1495,37136.047198178334,-0.0009663413837760864
20,293,-503.2730580786596,0,0,1,3.045163188061717,293,31793.99635434208,0.0020410953074036656
21,770,-514.489631299129,0,0,1,4.396278107403004,0,38320.19634498799,0.0004066378155621742
22,250,-508.43955395928356,0,0,1,3.7199360915220825,217,36391.60298341888,-0.0014083806172617472
23,271,-517.8734660632618,0,0,1,1.7704740007158881,271,32856.713464804736,-0.0012816850076853316
24,312,-490.68970229030606,0,0,1,3.041617286366037,231,36595.02708671903,0.008315968436232224
25,273,-508.6018449241765,0,0,1,1.6777238885222676,273,32018.781975493053,0.005738650077394727
26,282,-498.5577780748195,0,0,1,2.659557516930694,282,34257.32596799612,0.005969007045885472
27,289,-495.05928492211126,0,0,1,2.791678294611261,289,34941.92989412364,0.00715667984514411
28,270,-504.96326798528185,0,0,1,2.113843266623814,270,29281.55311830715,0.004826727813392253
29,300,-491.45441296939487,0,0,1,3.2805523431128987,182,34004.39331964381,0.007961705029557585
30,635,-507.9574685298348,0,0,1,1.749227593219778,635,31981.44942758546,0.005196441079255353
31,267,-501.86765803350204,0,0,1,1.407690888504517,267,29787.73904079424,0.01096460349823589
32,264,-495.72225228166326,0,0,1,2.0574838449645148,264,28868.855149461255,0.008943752117540319
33,217,-503.06129822161097,0,0,1,2.6460341174320243,217,34764.95217650178,0.003366714794784831
34,242,-500.69871291039374,0,0,1,2.406133115642016,242,31850.95174811022,0.006737066260060695
35,228,-494.0036148192552,0,0,1,3.7313513178588456,96,33364.9579776034,0.005772054323929916
36,204,-498.4444823525343,0,0,1,2.912199436289924,204,34816.68701222665,0.006391963006766281
37,266,-506.8441600574694,0,0,1,1.5843684938130527,266,28557.045277217963,0.008434473452403082
38,282,-502.0843460827337,0,0,1,1.8040118337604307,282,28958.445171147378,0.00975305646323395
39,225,-499.0110619781757,0,0,1,2.605858040816036,225,32417.772982262617,0.006838430900589884
40,260,-490.01887680160337,0,0,1,3.100980517594224,130,32305.714535003513,0.012890191559316849
41,232,-497.16529968838285,0,0,1,1.893481559819801,232,29682.42238969433,0.01173842918140547
42,248,-494.2069302155915,0,0,1,2.0079183695935274,248,29683.184749132084,0.013760202360172743
43,251,-498.13312749406174,0,0,1,1.4804557501978517,251,26273.71541831238,0.014994681610087999
44,272,-496.3807929457859,0,0,1,1.643188868999284,272,29521.40206319874,0.013853191415481312
45,345,-498.9422646398576,0,0,1,1.223245902346515,345,24737.572809981022,0.0157869064633983
46,565,-501.64775371571045,0,0,1,4.096925024362561,0,37032.28179587627,0.004056637577233292
47,892,-495.4975716463828,0,0,1,1.3631331389566093,770,25256.365498480453,0.01024726824588045
48,2175,-555.8038070672947,0,0,1,2.3993138605663162,2175,26582.584938604996,0.002322973539403271
49,1457,-564.3226003846381,0,0,1,2.783949908656636,1190,41723.52516956565,-0.0015539122819042317
50,1854,-599.5001238207607,0,0,1,2.1572734747292275,1854,33983.02552719361,-7.885859557421349e-05
51,2233,-560.7838934778061,0,0,1,2.5668372813389917,2177,31549.881326035073,0.0011194924509624696
52,2261,-550.9505856805397,0,0,1,2.308553269128311,2198,27049.347656112262,0.002578912523089281
53,2249,-573.8015913339458,0,0,1,1.9716841533492597,2249,28347.030795816285,0.003138414262599331
54,1410,-516.8693049855196,0,0,1,1.57120361677669,1382,25251.00086022016,0.005388392436251631
55,696,-515.3390539902413,0,0,1,1.6450472002069287,696,30414.529770542056,0.005133001305204575
56,1350,-558.3392868537101,0,0,1,1.1472870641531467,1350,29247.99836470604,0.004839959781769939
57,1318,-520.3435346668593,0,0,1,1.8479633086199665,1318,26152.93941112479,0.004648630641981806
58,1315,-563.5653014014847,0,0,1,1.6916038796585053,1315,25135.36710255294,0.00371735312023511
59,1833,-509.0183354653904,0,0,1,2.3495996664640706,1564,27983.944283059864,0.0049159634229960164
60,2027,-581.1425630677298,0,0,1,1.9536073512048289,1806,27379.532977166757,0.003774711333940454
61,2353,-666.1253995711521,0,0,1,1.3318109403727716,2353,29357.81694171629,0.0010514275518134807
62,1032,-524.6631358378456,0,1,0,0.9998478236316278,1032,25356.50179014181,0.007279482763298156
63,808,-522.666913751613,0,1,0,0.9996779269504145,808,28093.933003080656,0.007070592474081663
64,2440,-643.8897155307549,0,1,0,0.9992359081163733,2440,26108.55982049173,0.0035001808470932518
65,2257,-602.7818549995384,0,1,0,0.9987734817875701,2257,28811.264012955045,0.004642448489141486
66,2329,-539.1518749495815,0,0,1,2.621882936552335,2124,28434.59437326127,0.003895447308923011
67,2084,-532.7209793466571,0,0,1,2.222008180168265,1969,28544.669388457372,0.004528189701886262
68,2212,-518.2505513699241,0,0,1,3.3766455465310052,1945,31991.775359815147,0.003221832879385775
69,902,-517.2090176900692,0,1,0,0.9991580386378011,902,29826.798467095367,0.007960224056495822
70,3100,-631.5647007022394,0,0,1,1.872831634471141,2850,30671.698219167774,4.205255507056137e-05
71,3999,-85.59996126652153,0,0,0,2.5203449464907908,1249,31578.228074953284,0.0004193582867707424
72,1146,-551.41258797898,0,1,0,0.9997490847787155,1146,28068.875384996303,0.008592852895376956
73,542,-502.3706269050629,0,1,0,0.9976824681707354,542,32454.213481652547,0.01239248916286674
74,1091,-522.3979492347827,0,1,0,0.9997515661163441,1091,28983.184380415674,0.00847338932741124
75,1066,-533.1894096508493,0,1,0,0.9998975902666879,1066,30586.50263272617,0.006089437936646808
76,2183,-615.4375663038926,0,0,1,1.8843216037958972,2183,28826.547123985307,0.001260697767559822
77,784,-529.8019634700111,0,1,0,0.9993042797640532,784,24788.309985660388,0.008377513214780547
78,1862,-579.7704543460427,0,0,1,1.530839797153767,1862,27162.795664269554,0.005010256030815235
79,2826,-538.9825215496127,0,0,1,3.1214716384382624,2761,32450.59305997668,0.002602651066977898
80,1264,-570.5340716421093,0,1,0,0.9986401496250525,1264,27940.314259837458,0.004907461869379084
81,1435,-536.9812715563406,0,0,1,2.3894686594707117,1435,30528.807158968535,0.0015554149513081611
82,341,-508.1172759045791,0,0,1,2.2942883392170916,341,30005.71430328328,0.004401393628031899
83,2301,-514.170446188608,0,0,1,2.8123791386223345,1978,30736.239606537914,0.0033187435559750623
84,2220,-538.8304246558188,0,0,1,2.50870131995016,2206,32557.378626219044,0.0030325628260781906
85,1436,-592.3329694123809,0,1,0,0.9991205935385677,1436,26400.69417195146,0.004123851212962105
86,2267,-546.6434441247677,0,0,1,1.595470932460852,1955,30282.819209433383,0.004211889665235894
87,2361,-621.8686983762245,0,0,1,1.307310227809071,2361,25381.059898567495,0.002859040111581791
88,3954,-588.213496670253,0,0,1,1.1913261471841952,3670,18590.542586931006,0.004473077661142028
89,1104,-530.506669779304,0,1,0,0.998892983587427,1104,23574.79531704016,0.006862979932420082
90,1093,-516.9439850888994,0,1,0,0.9982280093446495,1093,26407.4690640415,0.006629899062208883
91,878,-517.9149262529883,0,1,0,0.998806946135461,878,26010.01284329427,0.007147158165214391
92,1173,-506.11922095404077,0,1,0,0.9995425200701107,1173,27867.884934049685,0.0070176348653317715
93,1029,-503.45564728705233,0,1,0,0.9994952510307828,1029,21938.923466575,0.009246809249806403
94,1396,-506.43533621573306,0,1,0,0.9986237632723494,1396,28505.363410183505,0.006708636995259904
95,620,-510.52538969725737,0,1,0,0.9997189638356748,620,28086.78272271009,0.0076117901813533015
96,1614,-503.2629146059439,0,1,0,0.9999851341712318,1484,21005.337188676745,0.008698973322769074
97,1446,-486.58929737213975,0,1,0,0.9995002337946022,1255,23503.750223274466,0.008983005036253431
98,1279,-495.4748239484591,0,1,0,0.9997429277154026,1272,27548.337515708154,0.008209655855053134
99,1965,-573.8906287009831,0,1,0,0.9990808473377017,1965,19509.07971202489,0.00582543332201553
100,1290,-510.13985195778656,0,1,0,0.9998773354833908,1278,23139.689716544974,0.007518568387513354
101,998,-501.4406349925109,0,1,0,0.9981952601873756,998,30201.407864048426,0.00781023791722092
102,1179,-492.0608819728915,0,1,0,0.9998116056127893,1140,27949.904727419464,0.008170400344541593
103,1534,-556.0692722692481,0,0,1,1.219967742194242,1534,27323.328105604873,0.00570860153724715
104,697,-513.5360640980094,0,1,0,0.9977490202344883,697,30387.93690168857,0.01110254756141615
105,1178,-582.5322728319563,0,0,1,1.030717917144226,1178,31978.33867511584,0.0011329734791960516
106,2144,-637.0086644849063,0,0,1,1.2526395792924108,2144,33424.47189527356,-0.0003717505560338141
107,3999,-279.14629858259525,0,0,0,1.3043504143270326,3999,28125.306578634674,0.0006582914849309473
108,1968,-559.5679242956282,0,1,0,0.9994987965774682,1968,21890.88032561596,0.007003253074637308
109,2007,-526.4121031836602,0,0,1,2.8576572002397165,1866,30583.4957723276,0.0030130622399013192
110,1066,-514.8498423645251,0,1,0,0.9999865651116148,1066,31201.64170058592,0.007282578929849309
111,755,-481.66317200509786,0,0,1,2.377607892353727,624,33984.20028786095,0.007348425319640959
112,770,-526.0366474756379,0,1,0,0.9993217840017388,770,26929.480118379895,0.005940542193902744
113,1049,-541.9299733155812,0,1,0,0.9984301253316856,1049,26726.53433249979,0.0057128153079398745
114,1698,-502.2753560180266,0,1,0,0.9971716005481399,1526,25350.269741468255,0.006486820272761952
115,1061,-530.9442123294734,0,1,0,0.9995902665525153,1061,29082.535509472164,0.006255204929072424
116,1552,-491.546015408461,0,0,1,1.269324041886236,1338,26006.897639148665,0.006061305296484984
117,745,-481.75575835855636,0,0,1,2.7829889948784854,447,31989.47730215226,0.008092020608435065
118,1075,-518.0509211320983,0,0,1,1.7058425235597108,1075,27153.41367139752,0.006904786577921975
119,833,-517.2648871725145,0,1,0,0.9979221682064154,833,25272.097595072224,0.010775399486485957
120,2042,-547.8197852236207,0,0,1,1.9173729297360393,1817,30154.619586488436,0.003935503193947875
121,1793,-599.1562225284893,0,0,1,1.1873188646104411,1793,29246.73117646057,0.003982730793674176
122,1153,-543.5319362130715,0,0,1,1.2292379571998588,1153,26745.6209357116,0.005185229605016009
123,2369,-554.3692712842644,0,0,1,2.160103148987063,1824,32177.73624184601,0.0024861140386653858
124,2169,-554.427348329946,0,0,1,2.2825235937570594,1800,30776.652411357747,0.0027089479927220133
125,2358,-555.2091083829473,0,0,1,2.1201698503834714,1952,30774.711059899266,0.0033986358792109793
126,1717,-588.5688944198465,0,0,1,1.6109267207773843,1717,29183.77617283636,0.002013897084826248
127,2295,-630.5495367101942,0,0,1,1.5477471448183457,2295,32693.816430954153,0.0013768660598869268
128,1924,-649.3860457196253,0,0,1,1.2014409239015358,1924,32349.969210171577,-0.0001510742345654831
129,1996,-608.8414253478952,0,0,1,1.3769279149836278,1996,29828.310737253338,0.0021101170424519954
130,1750,-597.5976163870569,0,0,1,1.2670838091191117,1750,29829.995282556978,0.0014674622463134934
131,3416,-714.2290075178134,0,0,1,1.0842981190505196,3416,32951.04692968996,0.0010187229443833596
132,2741,-697.3929525694584,0,0,1,1.3580267600734388,2741,26480.30100776197,0.001353945154986758
133,1184,-515.0032018713147,0,1,0,0.9996112433579665,1184,29914.471372612603,0.006551084077063599
134,2498,-589.2494001395818,0,0,1,1.25265851747627,2123,24660.96510882273,0.0046751678988426
135,1039,-518.7763618655365,0,1,0,0.9989311708920399,1039,25710.2598734781,0.007238211553824255
136,1619,-545.0172366169044,0,1,0,0.9982662722414006,1619,26028.03803737496,0.007153109350770091
137,1280,-513.7995632852903,0,1,0,0.9995332814976085,1280,23557.202381307066,0.007168550571079527
138,1859,-571.3216554657319,0,1,0,0.9996819096728483,1859,24377.202024570284,0.006535484757680008
139,3999,-175.79894527745728,0,0,0,1.2670608373564272,3999,18471.037887950937,0.003518352490860525
140,1445,-515.5624651161247,0,1,0,0.9990095629201616,1274,28534.64246083701,0.007867377502144278
141,1985,-539.750553122185,0,1,0,0.9978602970468302,1985,17093.936338488165,0.006643785107169304
142,1207,-496.9024144407334,0,1,0,0.9989330332878645,1207,29530.727650149816,0.007485365173054545
143,1178,-505.09194101408787,0,1,0,0.9997808616501382,1178,24531.590274871098,0.007059565401621703
144,1372,-521.8064934929982,0,1,0,0.9999648148406527,1372,26425.790223723136,0.00625677431903546
145,972,-520.6458557774273,0,1,0,0.9997801427753366,972,31017.05959680729,0.006465477401189811
146,2282,-656.7044467322198,0,1,0,0.9999939926432796,2282,23778.363785927235,0.004344817382831563
147,1636,-581.4737507794508,0,1,0,0.9964057280039033,1636,21161.352783936713,0.005549863933789665
148,1535,-581.9463170554928,0,1,0,0.9979497731539543,1535,29530.01196324578,0.0036511883333871105
149,1051,-519.6060524521133,0,1,0,0.9990723176716021,1051,25093.783447000078,0.0070516303663223775
150,1787,-487.587101862046,0,1,0,0.9983524795641804,1353,25403.34240120392,0.0074583944993115575
151,1495,-507.7007514860814,0,1,0,0.9999014251216111,1440,27720.40700319663,0.006760293461958057
152,3094,-684.7641906178455,0,1,0,0.9916205369286861,3094,12513.67325450402,0.006723896478009986
153,720,-510.5620381818508,0,0,1,4.094325673485452,0,36012.782171069084,0.0027583710170581656
154,961,-506.6641527871948,0,1,0,0.9996052557836659,961,25697.45628111341,0.008018358327757253
155,2565,-607.3212603652685,0,1,0,0.9922631684317585,2565,18396.16336340348,0.006247176551726052
156,2609,-543.1877310996598,0,1,0,0.9996979094342042,2182,23185.982544152106,0.006111117524529394
157,1857,-514.3134794609197,0,0,1,1.6674138025861613,1056,25859.826698117668,0.004887657247993978
158,892,-513.1226451128597,0,1,0,0.9976611662077737,892,27076.230838305506,0.006753988937897599
159,865,-511.66903034276675,0,1,0,0.998744970707552,865,32019.863397111738,0.007154881339198136
160,2417,-602.3216066069299,0,1,0,0.9994140139782333,2413,16497.87431768174,0.00688078951610017
161,1057,-502.6664528114681,0,1,0,0.9996930109502153,1057,26773.861899916752,0.007622910620686266
162,1174,-498.8546252703113,0,1,0,0.9998442311707684,1174,28102.788546070773,0.007734635192635959
163,1168,-502.1371171502301,0,1,0,0.9982213728626433,1168,31003.119767116314,0.007603623302835317
164,1019,-512.4445351313854,0,1,0,0.9997631733767054,1019,21962.673940491495,0.008394474666576465
165,1388,-499.9942364988116,0,1,0,0.9991141229014617,1334,29288.963446110363,0.0074041684119753315
166,1758,-551.2033230065009,0,0,1,1.0744068143157037,1536,27878.905813935195,0.0065636601497433555
167,1307,-523.5784331057458,0,1,0,0.9997995172210004,1307,29316.10060650417,0.006293611311050388
168,922,-517.74957466952,0,1,0,0.9996314674692605,922,28392.77386121876,0.006673045509023615
169,1215,-512.7803830983929,0,1,0,0.9994431895086607,1215,26023.6538010894,0.006614980906228442
170,918,-514.4416324379321,0,1,0,0.9996910943231911,918,30398.432117733682,0.007142788715785001
171,791,-518.1907919592668,0,1,0,0.9991189588467746,791,27630.398222183438,0.006797686922684245
172,1374,-493.1351006814827,0,1,0,0.9995888274330209,1302,28669.6030169154,0.008046679259181594
173,894,-512.9109019698552,0,1,0,0.9998042059057788,894,31658.205648589214,0.007167107213412862
174,679,-518.2508960119748,0,1,0,0.9989497390464489,679,26119.81138688415,0.0068587922436071916
175,802,-515.7902262179863,0,1,0,0.9988920126698984,802,28962.674364470735,0.006874007579136817
176,833,-516.1277731311993,0,1,0,0.9998430903553513,833,29640.62216645813,0.0067527070839673775
177,1031,-503.7693490622587,0,1,0,0.998724639191367,1031,27868.370329774243,0.009751143544677666
178,1001,-507.59687504395635,0,1,0,0.9981107211532333,1001,24780.42565235338,0.009001960548942268
179,1954,-579.2067812639325,0,1,0,0.9991577193036159,1954,20286.698869890944,0.006299650232885544
180,1685,-520.4304764618581,0,1,0,0.9997012091779302,1647,25376.865371311836,0.0077114682274539385
181,677,-514.746247827624,0,1,0,0.999106573278007,677,27436.576306586827,0.006992012164185229
182,1784,-515.9780009731089,0,1,0,0.9996137988503274,1591,25491.379257697783,0.0064722181900440596
183,1038,-508.71498788827233,0,1,0,0.9999870912881427,1038,22555.732599545416,0.0072369442566294255
184,1098,-507.7655501442109,0,1,0,0.9988857857825195,1098,22949.78352792644,0.00716476362823351
185,1306,-501.9692561070968,0,1,0,0.9985816387718713,1304,26451.92376875849,0.0073162350789904
186,1738,-490.4865506317531,0,1,0,0.9995810754938353,1363,24818.837407372936,0.007224232452764102
187,865,-518.8313339097243,0,1,0,0.9998753006069963,865,25715.689824412973,0.006814950532701713
188,3999,-252.7403302527985,0,0,0,1.1128468022563405,3999,16518.177878875376,0.004140096257027787
189,2255,-615.2837404543081,0,1,0,0.9941239090150433,2255,12360.990539197272,0.008566099396356108
190,1678,-554.0872201606193,0,0,1,1.0881833926960498,1505,28350.338140001182,0.0061224600371933835
191,1435,-516.920861780876,0,1,0,0.9998486111238042,1371,23205.30752644063,0.007072338500680135
192,1635,-553.7109571897404,0,1,0,0.999456331816257,1635,17158.759460071185,0.008293052679383427
193,990,-518.1429057573472,0,1,0,0.999266015729224,990,26082.584675597383,0.007239594302913338
194,1151,-508.39391526061115,0,1,0,0.9991271220775815,1151,22567.395029787956,0.008287294431780869
195,1956,-522.7823701312333,0,0,1,3.79626579014774,637,32735.745224847054,0.0015567873199425373
196,3999,-176.43010091301332,0,0,0,1.0490480802722741,3974,15675.842841385762,0.004985405206301249
197,1594,-514.3553324644747,0,0,1,1.2984735275510442,1396,25950.620754968262,0.006103172339703314
198,988,-515.1486866146143,0,1,0,0.9999081414924369,988,29731.936502676363,0.008254403030766926
199,2192,-492.7968370363107,0,0,1,1.4249564502802112,1642,26859.842729251937,0.005830073971247656
200,1840,-496.6443125879394,0,1,0,0.9999831457325447,1338,25845.13347217412,0.0071797966032865436
201,1183,-532.751783476556,0,1,0,0.9994234894171135,1183,27697.70964134354,0.006639952112324348
202,1395,-562.0067633492528,0,1,0,0.9992526784108199,1395,30532.099333057056,0.004194604393033271
203,1470,-560.1539015253722,0,1,0,0.9985845867458183,1470,27295.03059393797,0.005732288386770169
204,1492,-508.1872375677599,0,1,0,0.9996180047883496,1412,26719.018149745425,0.007308021808036934
205,3999,-201.44459646503267,0,0,0,1.1936704269945126,3999,12317.599747060896,0.006558357189530253
206,3999,-116.7453233734928,0,0,0,1.4745539376167947,2906,5873.41085275208,0.006295834490328644
207,3537,-666.8910185305019,0,1,0,0.9998084322437711,3164,10398.158154650728,0.006151638168694534
208,1370,-527.9650269225754,0,1,0,0.9995889416426543,1370,22548.951235294797,0.006172926633645708
209,1274,-560.9689184817413,0,1,0,0.9984094838991209,1274,21786.12739693967,0.007134838308566183
210,3999,-149.15158340937825,0,0,0,1.0352284631386424,2991,8771.729519783092,0.005635732629390347
211,2816,-603.376621195703,0,1,0,0.9970844859213993,2816,7409.430017994459,0.0098359774377818
212,900,-508.60896306367215,0,1,0,0.9997718769048997,900,26328.412601485663,0.00910257111760801
213,3397,920.3647449311386,1,0,0,1.0632802291388042,3213,1492.5013867254613,0.011261676761729095
214,1149,-502.7987615101825,0,1,0,0.9991484761269565,1129,28888.940059061457,0.008787597543480408
215,744,-516.2665278919753,0,1,0,0.9989871699137551,744,27750.77332572899,0.008587386037063632
216,2007,-539.0940069339374,0,1,0,0.998863435601511,1822,21946.296503000976,0.008419383201130958
217,1415,-540.3598391059833,0,1,0,0.9983859373665702,1415,24645.073382328494,0.007853395011979219
218,1173,-526.699736391258,0,1,0,0.9999562780879987,1173,23570.322921363368,0.00837909058114043
219,1414,-585.7501893806008,0,0,1,1.2688619737959652,1414,32971.34892642055,0.004034306200354
220,1421,-599.1205876598893,0,0,1,1.1792842131440302,1421,29569.488584309096,0.0031272825263239648
221,1344,-608.7472577308359,0,0,1,1.005407038413069,1344,27070.226765131032,0.003251685091996184
222,1800,-555.6287631652833,0,0,1,1.4162009097909127,1762,29284.637301649822,0.004295191411002695
223,1813,-552.0692241109932,0,0,1,1.6760716406601202,1811,29783.941808538642,0.0042725622917805395
224,3999,-143.51873333774046,0,0,0,1.2277697318680778,3933,7271.729648680209,0.007710881345822721
225,3999,-176.900806747369,0,0,0,1.1208962744861473,3999,2871.2807120002485,0.007311711005525462
226,3999,-117.15090100574363,0,0,0,1.2663765197686059,3861,10249.785104890549,0.005947978624530447
227,1165,-515.0971356688265,0,0,1,1.66460447859745,994,30495.789647896625,0.005401641502316217
228,1449,-484.3162068723687,0,0,1,2.0395712226837652,805,28817.842081667965,0.006778107178754433
229,743,-517.7353719670649,0,1,0,0.9996478104216466,743,26036.567139773557,0.008769977923282294
230,2131,-525.8718402692182,0,0,1,1.8536757953749727,2067,29651.04089050093,0.004092018770697074
231,1501,-546.4072666744271,0,0,1,1.2909628723675828,1501,28622.989415274194,0.0054774377268236914
232,2174,-523.9664956751461,0,0,1,1.5607951790605998,1895,26148.266890932147,0.005560045413513664
233,242,-497.3876165552257,0,0,1,3.959513640836965,46,35342.20429675281,0.007321887953050799
234,1028,-506.94577734526956,0,1,0,0.9990019480501746,1028,23364.758522123,0.007388311994657317
235,1870,-542.0978339361783,0,0,1,1.2489543190544459,1757,28014.773619074655,0.0056984007969722765
236,1464,-554.3441358231144,0,1,0,0.9998130202500092,1464,25547.615829226634,0.0066993409242435365
237,899,-512.55456811039,0,1,0,0.9995660844475713,899,27094.694742848555,0.008477653473399176
238,1486,-532.4532235904283,0,1,0,0.9997481196767012,1450,27903.784682629845,0.00657936297141472
239,1951,-530.6553932833158,0,0,1,1.533805355106791,1697,27940.354557659786,0.0057582682224262905
240,2430,-590.4636866160923,0,0,1,1.1929316028769548,2004,24148.749686492214,0.005770659963572346
241,2041,-622.9735626747091,0,0,1,1.0835188684628017,2041,28375.33126682148,0.005575347351346394
242,1845,-594.4194985922377,0,1,0,0.9996479975282091,1845,21854.572495575296,0.005768900547176059
243,1130,-575.3260250997171,0,1,0,0.9995251731942973,1130,24216.006263304065,0.005318328295147198
244,575,-527.0280190248099,0,1,0,0.9995179774646206,575,28833.520449531734,0.009204753925103329
245,1410,-567.2975726560852,0,0,1,1.6114891943770215,1410,29511.958550237403,0.00240050622583337
246,2075,-597.3876654546729,0,0,1,1.2808462051650016,2022,19816.568046100885,0.007707881448838668
247,2947,-584.297793083486,0,0,1,2.4244166842403394,2947,29503.992993778313,0.0015091278883667216
248,923,-531.9611764792385,0,1,0,0.9984559627023419,923,24663.69316377346,0.006831430823729716
249,929,-521.2529356214748,0,1,0,0.9992056240396688,929,27339.640943174323,0.00929074913533688
250,829,-504.22889947966723,0,1,0,0.9989266130876981,829,23736.957960419426,0.009782277831031843
251,456,-517.6897769374892,0,1,0,0.9988660787192812,456,27401.374734293404,0.007904659382791598
252,1353,-510.53068896920706,0,1,0,0.9994599616807501,1165,24259.038988225675,0.009232378981092602
253,1700,-527.4788748195989,0,1,0,0.9999347415668407,877,26160.974297105746,0.00813391103360224
254,1360,-515.4001268628766,0,1,0,0.998794481512273,1360,30235.159225805346,0.0062863244352039825
255,1244,-526.3903136041928,0,1,0,0.9997849714290095,1244,31459.703929066083,0.006719774705226858
256,1169,-508.5611423595252,0,1,0,0.9990235921143362,1169,30458.05160493831,0.006815039302344786
257,1036,-511.0873187363823,0,1,0,0.998873739285894,1036,25261.37626143679,0.009684120259251588
258,904,-512.4779476542247,0,1,0,0.9987155208854381,904,24448.510128374266,0.008348129136205609
259,947,-515.7985885639407,0,1,0,0.9999355186037594,947,25186.887877126897,0.008355081101554652
260,1144,-560.7376406591586,0,0,1,1.056143807559092,1144,26456.658229494577,0.0054977845326088974
261,1235,-500.89357800064346,0,1,0,0.9997916666658231,1142,26286.33352745673,0.008397357679852833
262,1073,-503.9961622129919,0,1,0,0.9988993830024148,1073,28135.398455717663,0.009099098594966916
263,446,-506.7568341955413,0,1,0,0.9971333346528933,446,27139.1681611705,0.011139308290986206
264,750,-516.1192181131852,0,1,0,0.9989988020062621,750,30349.8586233673,0.008177771354172286
265,560,-509.02707755669593,0,1,0,0.9999276160588313,560,29116.750021186086,0.010992975600227446
266,1385,-500.8560935415635,0,1,0,0.9992219522226815,1220,25629.25844080383,0.007786581696367856
267,484,-514.0387258896295,0,1,0,0.999668498926862,484,25255.722287857076,0.009849835898411572
268,485,-517.56061148006,0,1,0,0.9987221962803136,485,26752.84028066703,0.00786435493460001
269,978,-512.2810039232123,0,1,0,0.9993955895647744,978,24864.122243183054,0.008170930045199552
270,1707,-500.6513406438926,0,1,0,0.9992022568861882,1499,26769.466902438777,0.007030795495731329
271,790,-515.1041497521301,0,1,0,0.9990605657778387,790,23254.087805783627,0.009014986350283218
272,907,-510.7257378362892,0,1,0,0.9995753851817704,907,26242.682833793686,0.009987868790808286
273,1570,-496.50351167594886,0,1,0,0.999277081890382,1532,26149.949509133974,0.007704938228607284
274,906,-514.6055107120554,0,1,0,0.9997650589370353,906,26817.97265611115,0.011652318962984071
275,932,-511.2044727199971,0,1,0,0.9998540744617929,932,27019.28694930773,0.008254975270196098
276,804,-514.5751579215049,0,1,0,0.9986877605183928,804,29656.197062946725,0.007270041276015306
277,1987,-499.4525459212638,0,1,0,0.9989773532137767,1643,25633.05877289905,0.0068455557217565015
278,988,-511.9172088865558,0,1,0,0.9989043221182968,988,32972.28513949369,0.006919394104756926
279,811,-514.1896859843587,0,1,0,0.9986410536303034,811,29460.952076441186,0.007399031917785747
280,729,-516.9587318052367,0,1,0,0.9995974425444581,729,24955.39110619703,0.007569205083092347
281,635,-523.9393230589394,0,1,0,0.9998256598094755,635,25818.558519757767,0.007048794766508415
282,1701,-488.1963828328399,0,1,0,0.998505442967861,1163,24291.620974233632,0.00902556167267086
283,1293,-519.2764931217804,0,1,0,0.9990777052059561,1293,26601.64110166798,0.007040140219120669
284,916,-533.4666573229232,0,1,0,0.9995043577551852,916,26273.51093360981,0.006945028855513187
285,1761,-516.696832952827,0,1,0,0.9996001459335648,1761,26715.24046776614,0.007071615503899385
286,1946,-510.4258603801321,0,1,0,0.999614931139148,1922,23372.852040977265,0.00695986043079835
287,1219,-555.1682997228687,0,1,0,0.9992720227844305,1219,25155.32769968259,0.0077310151530950505
288,1857,-498.03833810668726,0,1,0,0.9993045000825953,1666,21571.177000066436,0.007097419559827298
289,1284,-512.4940665986596,0,1,0,0.9999546435671016,1284,20777.59196371844,0.007624816990372269
290,1016,-500.3476235835439,0,1,0,0.9991497847033046,1016,19186.3185619416,0.01098667919902067
291,620,-505.98590959176965,0,1,0,0.9999212041502223,620,23856.422026470245,0.01365865736864588
292,533,-498.1284782126041,0,1,0,0.9998687014121104,533,23599.702723969964,0.015947750747387798
293,1509,-516.1492741026348,0,1,0,0.9998079357445326,1509,19353.037465713332,0.010708921830398751
294,899,-499.8505569136111,0,1,0,0.9988439238648852,899,26842.42375839617,0.01223224375541893
295,726,-501.07564536524995,0,1,0,0.9995614756157212,726,27069.76966175583,0.013238489613635721
296,1787,-609.0862154090578,0,1,0,0.9998085804493977,1787,23069.04999124395,0.005160277677999681
297,3201,-564.2711743239161,0,1,0,0.9989933212009235,3201,24437.021584549475,0.0036324289663354197
298,1770,-529.0013415521751,0,1,0,0.9999800287474261,1605,21789.279304831027,0.008418748146959741
299,1266,-540.2003049267472,0,1,0,0.999800608602504,1266,29057.98850590859,0.007502397316456292
300,2780,-669.9982134910188,0,1,0,0.9990783157809553,2612,11222.043293536133,0.006886069892867497
301,1791,-582.5654363185876,0,1,0,0.9952715645204608,1791,16150.18755436371,0.007856329955856084
302,3559,-677.2078780790242,0,0,1,1.2907489642458012,2918,8883.936255646391,0.006610013787731085
303,2356,-549.6444638853523,0,1,0,0.9999053134028817,1879,19715.124142191322,0.007403161032990309
304,3999,-180.2824581945097,0,0,0,1.4140725599118134,3328,4761.192353647961,0.0072104279344446685
305,494,-491.9946666866033,0,0,1,3.3356348813384336,268,36366.33758636255,0.004285593319760386
306,3999,-214.8707621485932,0,0,0,1.2945607227180287,3520,6722.459475567402,0.005886706913364364
307,1152,-528.026093889376,0,1,0,0.9981251885912762,1152,22119.061833835276,0.008033090898530075
308,2228,-595.2739760107559,0,1,0,0.9997700033128092,2205,25070.268022012548,0.005782635601231895
309,1255,-516.3438427188295,0,1,0,0.999902779786267,1234,22907.910884870693,0.009475105028364078
310,1889,-535.3555315501255,0,0,1,1.1446670298864507,1524,27571.91664124284,0.005154420456685881
311,996,-493.2672986302099,0,1,0,0.9994905805286989,960,28571.13836031387,0.009748000096028369
312,3999,-193.94544011923824,0,0,0,1.1823178803929606,3936,2058.263380435004,0.007948071292411329
313,1343,-506.7297646776501,0,1,0,0.9988417900306903,1343,27375.45164041516,0.0072031417849254846
314,1407,-531.8560031993788,0,1,0,0.9995291827723254,1407,22326.405854396737,0.006496608565488212
315,1199,-510.0409907576075,0,1,0,0.9991145599024691,1199,31598.013419582534,0.00695068240618987
316,1243,-508.06182478670297,0,1,0,0.9998863571551049,1243,25372.336071594593,0.007594683226584063
317,1215,-505.3958462071152,0,1,0,0.9999088825304,1215,29718.80955931842,0.006792360887819834
318,1296,-507.82122493882537,0,1,0,0.999429689237179,1296,22574.19008461131,0.006702683412114941
319,578,-509.10922505720646,0,1,0,0.9994862027821894,578,24469.107873508736,0.011701061236567152
320,1639,-530.3421156159602,0,1,0,0.9998514093073034,1538,22682.97860757327,0.007586366940447805
321,3999,-150.49332468658994,0,0,0,1.1683285142156772,3999,7080.849245741771,0.006210272849566589
322,754,-503.41963606282786,0,1,0,0.9999019307351491,754,30209.83181237199,0.01207090792165585
323,372,-508.1108547016283,0,1,0,0.9992586043052647,372,26700.40247747459,0.011609136015070423
324,888,-507.6975584025846,0,1,0,0.9993681529238917,888,26395.814623642647,0.009251532477469475
325,957,-507.7305828426483,0,1,0,0.9986752522584004,957,22485.80877571843,0.008577996656396403
326,843,-506.3991410126592,0,1,0,0.9984944101545171,843,26323.73906784806,0.009583138842219837
327,848,-506.228057309815,0,1,0,0.9990261554761299,848,23167.619363891128,0.01146615735109385
328,2127,-624.2116527972895,0,0,1,1.0184336125804139,1927,28015.787392840986,0.005377295739808473
329,1804,-588.2401175469612,0,0,1,1.2460821233219925,1735,29219.661693613703,0.00498385419690793
330,912,-511.0866855561474,0,1,0,0.9995484636574553,912,28325.855267175513,0.008268064464052986
331,504,-512.9599187006629,0,1,0,0.9989597739901696,504,26525.529732659925,0.011122140593726923
332,395,-509.2378719509624,0,1,0,0.9996910301967,395,27995.682872920483,0.011840066046446523
333,485,-512.5502228897593,0,1,0,0.999931117520144,485,27640.425234738548,0.011295997300395242
334,2269,-585.076914400594,0,0,1,1.0706883411935002,1944,27884.199487782153,0.005037879211202763
335,645,-503.61559773970004,0,1,0,0.9981693263019488,645,32032.60658227286,0.010626269199663894
336,1157,-506.3815618387282,0,1,0,0.9996358505248026,1157,28625.7110539574,0.007777768881720206
337,3999,-135.70830887562687,0,0,0,1.3747240579581033,3835,21259.895678893383,0.004208801827155351
338,3999,-171.99493005539634,0,0,0,1.0056541117425604,3909,2978.7555079239273,0.006897794189215919
339,3999,-84.7461613765437,0,0,0,1.0560845734961692,3884,6906.761478345933,0.008105119120079333
340,886,-496.7904991072769,0,1,0,0.998442124267133,886,32195.495955898918,0.008782305046946375
341,607,-502.2873074623965,0,1,0,0.9999239148074327,607,29863.133675478588,0.010683784313331363
342,489,-502.4566945193929,0,1,0,0.9998754310825035,489,25615.27582754706,0.012059239758011972
343,911,-495.20229653582226,0,1,0,0.9997466839305807,911,25241.960579997074,0.009043389057449544
344,2062,-500.303400401825,0,1,0,0.9987095921968772,1448,26276.692118445742,0.006610267422169981
345,810,-511.11597413161314,0,1,0,0.999267417607109,810,23873.71885084022,0.008436307184846947
346,1868,-513.1663828642983,0,1,0,0.9997873168417963,1759,22230.50346863283,0.006750679234366382
347,1134,-540.8459794148042,0,1,0,0.9999246584239152,1134,21847.443865300073,0.0073765090920495675
348,3942,927.5337200931465,1,0,0,1.5134944061522937,3754,1493.2225580426327,0.008891447621937535
349,403,-496.82229979267197,0,0,1,3.040175953912696,344,33112.73963165102,0.006100820913386111
350,424,-504.64253848002255,0,1,0,0.998166851814747,424,25283.25402241982,0.014665876967654918
351,281,-494.0145184913642,0,0,1,3.748240296896483,94,35651.7282265839,0.006835252863709999
352,2961,895.7613031987613,1,0,0,1.0801963159060517,2961,1497.728297773938,0.009711130062422258
353,3999,-86.04069860089935,0,0,0,1.0358988581573827,2103,2615.8340396258436,0.008671644818461178
354,984,-519.7981184722399,0,1,0,0.9987429172831517,984,23260.170683574765,0.007458583252343282
355,2556,-544.7449816918676,0,1,0,0.9996971948524609,2437,21280.173327125856,0.007309917614863769
356,3999,-141.81362716667533,0,0,0,1.2996315735576172,3174,3404.5689971537918,0.008023532483248733
357,3424,931.2966682140687,1,0,0,1.3571412727603414,3063,940.2876046021375,0.009605991286599133
358,2021,-492.64942423028424,0,1,0,0.9992640061430831,1574,23529.00422396807,0.007453452896567415
359,3808,-751.0332686367867,0,0,1,1.2701879665029976,2415,20827.61889167783,0.0030816776089660596
360,3999,-144.14480536903753,0,0,0,1.2559850049175525,3999,2075.7248803245434,0.007968121080570958
361,3933,950.9624270610991,1,0,0,1.4740986144012833,3569,1497.5879813184633,0.009727712057416099
362,3999,-127.58591979817741,0,0,0,1.1891552786317716,3958,8831.291857186743,0.007329772419295043
363,3999,-94.4995668770726,0,0,0,1.0843127465354387,3002,2012.2298333899057,0.008856539293782922
364,968,-527.2527748379557,0,1,0,0.9965895367484231,968,21354.587339765643,0.013013328995687922
365,2446,-565.3364665022262,0,0,1,1.090985277207804,2184,5547.903611018335,0.013766523752584955
366,3999,-140.21479542941387,0,0,0,1.2203768945381075,2986,1764.3431588994224,0.009288194348081136
367,3388,-589.8475336020173,0,0,1,1.1697367335329123,3167,6001.533053123236,0.008705185885563876
368,2403,-514.1529711803504,0,0,1,3.270027131037827,722,32266.187862270977,0.002499477185383838
369,749,-525.3843316967587,0,1,0,0.9989503910214673,749,27763.410667297707,0.0065665632606526515
370,1252,-535.6723311270977,0,1,0,0.9968693613469473,1252,26704.46862522186,0.007535369904112535
371,3999,-159.01218972986717,0,0,0,1.0608571804289753,3999,4730.787525023323,0.00666404516615678
372,1639,-573.8245977061725,0,1,0,0.9989329753333387,1639,21706.59911315447,0.006709728947217033
373,3827,882.8162603796764,1,0,0,1.2582977109064468,3827,1494.666253122206,0.0077698601595901666
374,2525,-604.6374315119067,0,1,0,0.9989457050712016,2525,21238.0319719595,0.004453939637162954
375,2310,-545.9748256701668,0,1,0,0.9992989266914835,2081,22417.931179470685,0.006369133999310783
376,2084,-485.36821856822627,0,1,0,0.9982998056459507,1472,25343.095185781942,0.0064720044566792395
377,784,-514.3312917479751,0,1,0,0.9989136912794452,784,27305.97986651711,0.007090256205396188
378,3999,-147.77420345242902,0,0,0,1.0267120950860371,3999,3611.08597675049,0.0066258742947475895
379,3999,-184.29184291610434,0,0,0,1.081320916316367,3999,3985.4222876330878,0.0066785658295947375
380,3999,-183.2102993487468,0,0,0,1.0103510542270637,3999,7141.178022565793,0.00673575641031655
381,1423,-536.3898958505982,0,1,0,0.9999946436599891,1423,23177.46386366227,0.005611141730427638
382,1318,-533.9576810202894,0,1,0,0.9990517934672685,1318,23337.486175204907,0.005522707445649277
383,3999,-109.99315017026265,0,0,0,1.4224598239177224,3739,8971.710805357085,0.0072416284339700075
384,3999,-87.82314281555233,0,0,0,1.0662422224112844,3999,5236.202366819493,0.008344237314809296
385,3999,-77.08755620942782,0,0,0,1.2207181299706278,3999,1824.7756140958231,0.008554155003222666
386,3999,-104.8730486600439,0,0,0,1.02444492778523,3597,3747.33118297791,0.006707172050568483
387,3214,922.3948174207037,1,0,0,1.0209961609531624,3214,980.412422384737,0.00981835850163932
388,3273,939.7028761080344,1,0,0,1.0726174855270774,2890,1059.7762950114193,0.010392460094391393
389,1122,-509.07803695609164,0,1,0,0.9992593134049159,1122,21446.299225625877,0.007758769540346442
390,1336,-512.5896078045006,0,1,0,0.9992684328125729,1336,19988.140366844014,0.010094105857700606
391,2885,933.2704910874114,1,0,0,1.011856886247432,2885,449.9744285143414,0.010347109108592899
392,3214,917.4478480753546,1,0,0,1.0940856531109517,1889,1493.9926145563838,0.010570167997734256
393,3083,902.6120746651491,1,0,0,1.1445913123576297,3083,1498.185621094275,0.011010142141860305
394,3999,-220.47837879178982,0,0,0,1.0502599433820932,3999,12686.68806177349,0.005744084191250984
395,3999,-88.39201470337363,0,0,0,1.1559053294448667,3711,5735.713337242422,0.007655049774504917
396,2744,-619.783705880531,0,0,1,2.1800014034736552,2030,35695.46864836438,-6.746483111808923e-05
397,3923,914.8782145989521,1,0,0,1.1146310079950625,3746,1192.5572560277992,0.009404507704131005
398,3069,940.3255263296638,1,0,0,1.197339434834216,3069,1496.9432017168497,0.01086951033478122
399,3541,868.0848839269164,1,0,0,1.1494961349216914,3541,1497.8946367480619,0.00821691302322441
400,1773,-503.63977243955685,0,1,0,0.9996317087453785,1699,20375.455988319274,0.007586327680603775
401,2436,-668.3738410120613,0,1,0,0.9973848324890667,2436,15306.527111838357,0.006255770865484695
402,1011,-535.1990189526872,0,1,0,0.9945341549270094,1011,22842.006021780166,0.009812416397833118
403,3291,961.9908463331866,1,0,0,1.0607748282064349,3040,747.6837901429068,0.011510339770548349
404,3999,-97.40424497660261,0,0,0,1.3509602486714314,2933,4320.386274456174,0.007523652652517435
405,2735,-565.0074950334973,0,0,1,1.1720428766167794,2633,2712.676837759311,0.01096699267335525
406,3999,-226.79564973495891,0,0,0,1.2752424089233165,1897,23935.329842525458,0.0016445677106849243
407,1846,-541.8628878655746,0,0,1,2.5024646051299695,1846,30175.467029463092,0.0009952909660326324
408,3987,902.3538058832081,1,0,0,1.043081444918413,3888,762.8952827756433,0.008465591982769843
409,3999,-101.46499155891462,0,0,0,1.1381976198877346,2556,3833.1383337000366,0.008199588405097179
410,873,-514.9968919590348,0,1,0,0.9999757289092421,873,24907.36184908011,0.00817199752773893
411,1391,-508.9475980835175,0,1,0,0.9998980376218156,1391,29164.4986565381,0.007637226304291015
412,1423,-526.7722118303244,0,1,0,0.9989218877073862,1423,18292.548597437675,0.010925216486431306
413,1333,-550.6528246482262,0,1,0,0.9993703668272003,1333,21265.324275954725,0.009434252224480313
414,1556,-533.4232499966671,0,1,0,0.9999242629170544,1556,29311.35063023578,0.005406995011280821
415,1544,-518.0204706777743,0,1,0,0.9990429777115652,1544,21319.237259987567,0.00772120346148619
416,3999,-36.73103717661558,0,0,0,1.1609594721600573,3458,645.6192585901592,0.009338209310830953
417,3344,965.1154938464907,1,0,0,1.07275447952703,3139,1490.1971893853151,0.01142501961547245
418,3300,946.7215131119702,1,0,0,1.4127248279861975,3300,1498.9174501648424,0.010733268272455531
419,1329,-501.35140950145905,0,1,0,0.9982770319893618,1329,23397.57076531989,0.00705734810859261
420,3999,-92.8980749541164,0,0,0,1.3842569327195537,3874,2188.394127422939,0.008844317152631022
421,3110,904.1274781366745,1,0,0,1.368471178497323,3110,1279.2403498152987,0.009389917831750602
422,3341,-604.7784650646021,0,1,0,0.9989471128781956,3341,7226.9164028470805,0.007670466194237978
423,3846,-591.79889599908,0,1,0,0.9954042427376464,3774,11578.545872206372,0.0071564869877093085
424,3999,-190.92521238380044,0,0,0,1.138121176043375,3999,4648.30322653601,0.006637106502431983
425,3999,-168.74267733581678,0,0,0,1.2859852180681597,3999,18818.60545604326,0.0038498499060915102
426,1252,-522.2986001705001,0,1,0,0.9996150793201103,1252,27230.97811459763,0.0071841563805419345
427,2174,-602.3224006533341,0,0,1,1.3876618105618364,2174,30267.80769847128,0.003626604138686098
428,3999,-174.44500342505737,0,0,0,1.2052507446611138,3999,19477.348790229767,0.004244471545798424
429,2435,-552.2857843682202,0,1,0,0.9989914595462525,2435,23718.705436970566,0.00474628746469159
430,3999,-166.53274948596035,0,0,0,1.5221489551713314,3642,25339.37506146987,0.0016258405378143167
431,3999,-153.1943880581768,0,0,0,1.8459523383593819,3999,1296.667640606257,0.0074951482085649085
432,3999,-253.99490468683896,0,0,0,1.19335850150024,3999,26916.54068219391,0.002754503779699891
433,1592,-512.4392505709195,0,1,0,0.9998795320373611,1592,29289.2257335194,0.006567331668252083
434,1455,-507.80191624532654,0,1,0,0.999732384249336,1455,24414.754102107287,0.006697254136508393
435,3999,-97.61031476747816,0,0,0,1.020886274543293,3972,9824.984403135037,0.007082647373336233
436,824,-510.68813882662124,0,1,0,0.9983957624136972,824,28142.310093496602,0.007706855759430614
437,875,-517.1221371761438,0,1,0,0.9991879236180927,875,24311.75585725073,0.006764665094728002
438,980,-511.0018049497261,0,1,0,0.9997121649341112,980,32462.622556857514,0.006941591661872683
439,1436,-500.17206953065073,0,1,0,0.9992693138700396,1435,28733.239198891908,0.00662803994474124
440,1196,-513.8068971462827,0,1,0,0.9992281581660887,1196,29049.855149142637,0.0065494652179457725
441,1321,-507.71952352619616,0,1,0,0.9986305288779748,1321,28378.444475026892,0.006773879472931238
442,1511,-520.6561369795186,0,1,0,0.9998491697219924,1511,25596.307008299107,0.005665893388444994
443,818,-511.55826114181997,0,1,0,0.9987036934912041,818,23688.626063683776,0.00859073368983601
444,1671,-522.6909953816034,0,1,0,0.9988397033021237,1659,22284.587134739948,0.006699140409357494
445,971,-512.430820271398,0,1,0,0.9994466218997093,971,27976.484283670652,0.006910335820829346
446,1445,-511.5388861415127,0,1,0,0.999688031695358,1381,24482.530737115118,0.007359185195569232
447,1100,-510.32868126690175,0,1,0,0.9996192373627781,1100,28031.85770480067,0.006982951401352101
448,896,-517.5048374109944,0,1,0,0.9998848134451376,896,27390.751183073295,0.006774929081465442
449,1757,-539.2711884844031,0,0,1,1.2681848066547585,1757,26551.75677237203,0.004759526200993064
450,1298,-505.4987095734667,0,1,0,0.9989746689157241,1272,22584.708291061754,0.0075958786396458445
451,1008,-510.3212584247746,0,1,0,0.9996743072143186,1008,29584.231193600965,0.007118764205491059
452,568,-517.3565005696446,0,1,0,0.999599284074868,568,26645.51448619475,0.007040232653513322
453,1524,-516.8196575342123,0,1,0,0.9992887241648291,1481,26933.576376795118,0.006651392843059546
454,1088,-511.57727964424237,0,1,0,0.9996976955017751,1088,27940.851141455227,0.006696257625105971
455,810,-517.5097633304357,0,1,0,0.9991646340447605,810,28586.01364673611,0.006550011039658607
456,1225,-507.6777004469364,0,1,0,0.9995898422657166,1225,28941.801347109522,0.007087667091735144
457,1359,-501.51661296212677,0,1,0,0.9992133678199392,1340,30152.145309160835,0.007216857295311795
458,3054,-698.6490954235503,0,0,1,1.0231199126651511,3004,23600.94251953354,0.0031079342705687715
459,3999,-334.5677350713947,0,0,0,1.6182812012959737,1631,11971.980327333336,0.005048083077367034
460,1902,-493.6530622675888,0,1,0,0.9990590051320319,1710,18067.55651474684,0.00988111680070511
461,233,-492.30590797115036,0,0,1,3.8454583674708944,29,36671.25940207555,0.008997555994768229
462,1286,-500.86518672890355,0,1,0,0.9998394901847175,1286,25372.519238627825,0.00805032266488394
463,3999,-118.42945262040372,0,0,0,1.7223055663478872,3999,3695.0463426440715,0.007057915140651549
464,3999,-138.13015997278828,0,0,0,1.2671095680074045,3708,1064.3605368830401,0.008183032255225922
465,764,-516.2196024788127,0,1,0,0.9997685373888234,764,28769.09679456254,0.007019105017791511
466,816,-512.1562898424555,0,1,0,0.9992817793614237,816,25987.784937310502,0.007114234645735558
467,1154,-505.53659034016243,0,1,0,0.999920873084258,1154,29078.53294121337,0.00762435398670899
468,2139,-596.6307138408821,0,1,0,0.9991924883684085,2139,19786.275572487364,0.005052626166031868
469,3999,-213.90986135681734,0,0,0,1.3701018665944509,3999,26039.973618204018,0.0018719235065107014
470,3999,-230.52092062455478,0,0,0,3.0189306375494356,1043,53458.60703771788,-0.004960868866746115
471,1086,-525.123878627501,0,0,1,2.753005868207237,1054,32841.50660474068,0.0013883331118589354
472,541,-514.7541052298567,0,1,0,0.9998821638805941,541,27130.746084016868,0.007540145314085553
473,545,-515.3269605115928,0,1,0,0.9988182863524568,545,26385.35119026158,0.007475832476903736
474,3999,-186.3657349665016,0,0,0,1.1304726815268529,3999,7741.496951614132,0.0071501597874280036
475,2338,-478.90293594478345,0,1,0,0.9992205806260571,1646,25133.013821781322,0.00614205789112666
476,1252,-507.6770647763052,0,1,0,0.9996268311610336,1252,24091.536687963613,0.0066955830021923485
477,3999,-122.03752993658176,0,0,0,1.7351630083683336,3337,28053.71329596414,0.002158974095393456
478,2762,-596.0195331079411,0,0,1,2.1040146183968056,2470,32971.95486883904,0.0005165082647446928
479,3999,-155.42230532857047,0,0,0,1.1311824654297862,3999,15662.58048244442,0.0053253052895474995
480,3999,-218.60241393579068,0,0,0,1.1492099593909264,3999,16942.997524778453,0.0032865336907713515
481,3999,-135.469549246074,0,0,0,1.0957072977913305,3128,23376.423619437872,0.0034327999100810538
482,2325,-538.6563347976976,0,0,1,1.211372528478678,1802,24254.858274260943,0.00510929215961408
483,3999,-150.9009398788015,0,0,0,1.314096295726952,2964,23296.8871138665,0.0036603998049295995
484,1428,-505.3401929904566,0,1,0,0.99987188759014,1428,20105.8830354461,0.007368275091023429
485,2290,-565.7867895019485,0,1,0,0.9994631332971273,2290,23936.75167727494,0.006355788449237076
486,1370,-518.8324069879252,0,1,0,0.9993778445141039,1370,22102.81252354459,0.007175949778546888
487,1778,-513.0954810584503,0,1,0,0.9998617564088892,1703,22264.334445483855,0.006757365558679689
488,3440,-734.1835428534753,0,0,1,1.0547286554861777,3440,25214.40687940301,0.0017733677467708375
489,882,-521.7328294397471,0,1,0,0.9992631126531,882,24895.986212385742,0.00645399887558118
490,2372,-672.3234558060408,0,0,1,1.0196945232737074,2372,26469.935017321142,0.00318609727191611
491,1713,-524.5142727102766,0,1,0,0.9996583675484507,1659,27336.25866399305,0.006001257101924851
492,1097,-524.356061006774,0,1,0,0.9992941112308955,1097,26382.80894492173,0.0061163737600502125
493,1997,-512.4202924427709,0,1,0,0.999337079292106,1743,27504.733251661666,0.00588413068709238
494,2067,-541.963123538587,0,1,0,0.9983065066860659,2067,20347.174884419197,0.006481416255522726
495,1480,-590.1781209290003,0,1,0,0.9986863204333287,1480,27005.424234707294,0.003650384993945994
496,3361,-574.7720220074732,0,1,0,0.9988047792806923,3361,24603.034491623257,0.004063772358962671
497,1558,-514.9904069305295,0,1,0,0.9990538572152778,1558,22711.78706650349,0.005775696375066583
498,1903,-548.6595126836729,0,1,0,0.9987767224941408,1885,22342.841049577968,0.005172636159793574
499,1471,-517.7795481937618,0,1,0,0.9994050414338305,1471,22867.514331294857,0.006094911885526263
